ISO-10303-21;
HEADER;
/* Generated by software containing ST-Developer
 * from STEP Tools, Inc. (www.steptools.com) 
 */
/* OPTION: using custom renumber hook */

FILE_DESCRIPTION(
/* description */ ('STEP AP242 Edition 2',
'CAx-IF Rec.Pracs.---Representation and Presentation of Product Manufa
cturing Information (PMI)---4.0---2014-10-13',
'CAx-IF Rec.Pracs.---3D Tessellated Geometry---0.4---2014-09-14','2;1',
'CAx-IF Rec.Pracs.---User Defined Attributes---1.5---2016-08-15'),
/* implementation_level */ '2;1');

FILE_NAME(
/* name */ 'Part Studio 1',
/* time_stamp */ '2026-08-08T05:12:30Z',
/* author */ (''),
/* organization */ (''),
/* preprocessor_version */ 'ST-DEVELOPER v20',
/* originating_system */ 'ONSHAPE BY PTC INC, 1.219',
/* authorisation */ '  ');

FILE_SCHEMA (('AP242_MANAGED_MODEL_BASED_3D_ENGINEERING_MIM_LF { 1 0 10303 442 3 1 4 }'));
ENDSEC;

DATA;
#10=SHAPE_REPRESENTATION_RELATIONSHIP('','',#894,#11);
#11=ADVANCED_BREP_SHAPE_REPRESENTATION('',(#892),#1960);
#12=B_SPLINE_SURFACE_WITH_KNOTS('',3,1,((#1471,#1472),(#1473,#1474),(#1475,
#1476),(#1477,#1478),(#1479,#1480),(#1481,#1482),(#1483,#1484)),
 .SURF_OF_LINEAR_EXTRUSION.,.F.,.F.,.F.,(4,1,1,1,4),(2,2),(0.,0.25,0.5,
0.75,1.),(0.,1.),.UNSPECIFIED.);
#13=B_SPLINE_SURFACE_WITH_KNOTS('',3,1,((#1487,#1488),(#1489,#1490),(#1491,
#1492),(#1493,#1494),(#1495,#1496),(#1497,#1498),(#1499,#1500)),
 .SURF_OF_LINEAR_EXTRUSION.,.F.,.F.,.F.,(4,1,1,1,4),(2,2),(0.,0.25,0.5,
0.75,1.),(0.,1.),.UNSPECIFIED.);
#14=B_SPLINE_SURFACE_WITH_KNOTS('',3,1,((#1502,#1503),(#1504,#1505),(#1506,
#1507),(#1508,#1509),(#1510,#1511),(#1512,#1513),(#1514,#1515)),
 .SURF_OF_LINEAR_EXTRUSION.,.F.,.F.,.F.,(4,1,1,1,4),(2,2),(0.,0.25,0.5,
0.75,1.),(0.,1.),.UNSPECIFIED.);
#15=B_SPLINE_SURFACE_WITH_KNOTS('',3,1,((#1517,#1518),(#1519,#1520),(#1521,
#1522),(#1523,#1524),(#1525,#1526),(#1527,#1528),(#1529,#1530)),
 .SURF_OF_LINEAR_EXTRUSION.,.F.,.F.,.F.,(4,1,1,1,4),(2,2),(0.,0.25,0.5,
0.75,1.),(0.,1.),.UNSPECIFIED.);
#16=B_SPLINE_SURFACE_WITH_KNOTS('',3,1,((#1531,#1532),(#1533,#1534),(#1535,
#1536),(#1537,#1538),(#1539,#1540),(#1541,#1542),(#1543,#1544)),
 .SURF_OF_LINEAR_EXTRUSION.,.F.,.F.,.F.,(4,1,1,1,4),(2,2),(0.,0.25,0.5,
0.75,1.),(0.,1.),.UNSPECIFIED.);
#17=B_SPLINE_SURFACE_WITH_KNOTS('',3,1,((#1547,#1548),(#1549,#1550),(#1551,
#1552),(#1553,#1554),(#1555,#1556),(#1557,#1558),(#1559,#1560)),
 .SURF_OF_LINEAR_EXTRUSION.,.F.,.F.,.F.,(4,1,1,1,4),(2,2),(0.,0.25,0.5,
0.75,1.),(0.,1.),.UNSPECIFIED.);
#18=B_SPLINE_SURFACE_WITH_KNOTS('',3,1,((#1562,#1563),(#1564,#1565),(#1566,
#1567),(#1568,#1569),(#1570,#1571),(#1572,#1573),(#1574,#1575)),
 .SURF_OF_LINEAR_EXTRUSION.,.F.,.F.,.F.,(4,1,1,1,4),(2,2),(0.,0.25,0.5,
0.75,1.),(0.,1.),.UNSPECIFIED.);
#19=B_SPLINE_SURFACE_WITH_KNOTS('',3,1,((#1577,#1578),(#1579,#1580),(#1581,
#1582),(#1583,#1584),(#1585,#1586),(#1587,#1588),(#1589,#1590)),
 .SURF_OF_LINEAR_EXTRUSION.,.F.,.F.,.F.,(4,1,1,1,4),(2,2),(0.,0.25,0.5,
0.75,1.),(0.,1.),.UNSPECIFIED.);
#20=B_SPLINE_SURFACE_WITH_KNOTS('',3,1,((#1591,#1592),(#1593,#1594),(#1595,
#1596),(#1597,#1598),(#1599,#1600),(#1601,#1602),(#1603,#1604)),
 .SURF_OF_LINEAR_EXTRUSION.,.F.,.F.,.F.,(4,1,1,1,4),(2,2),(0.,0.25,0.5,
0.75,1.),(0.,1.),.UNSPECIFIED.);
#21=B_SPLINE_SURFACE_WITH_KNOTS('',3,1,((#1607,#1608),(#1609,#1610),(#1611,
#1612),(#1613,#1614),(#1615,#1616),(#1617,#1618),(#1619,#1620)),
 .SURF_OF_LINEAR_EXTRUSION.,.F.,.F.,.F.,(4,1,1,1,4),(2,2),(0.,0.25,0.5,
0.75,1.),(0.,1.),.UNSPECIFIED.);
#22=B_SPLINE_SURFACE_WITH_KNOTS('',3,1,((#1622,#1623),(#1624,#1625),(#1626,
#1627),(#1628,#1629),(#1630,#1631),(#1632,#1633),(#1634,#1635)),
 .SURF_OF_LINEAR_EXTRUSION.,.F.,.F.,.F.,(4,1,1,1,4),(2,2),(0.,0.25,0.5,
0.75,1.),(0.,1.),.UNSPECIFIED.);
#23=B_SPLINE_SURFACE_WITH_KNOTS('',3,1,((#1637,#1638),(#1639,#1640),(#1641,
#1642),(#1643,#1644),(#1645,#1646),(#1647,#1648),(#1649,#1650)),
 .SURF_OF_LINEAR_EXTRUSION.,.F.,.F.,.F.,(4,1,1,1,4),(2,2),(0.,0.25,0.5,
0.75,1.),(0.,1.),.UNSPECIFIED.);
#24=B_SPLINE_SURFACE_WITH_KNOTS('',3,1,((#1651,#1652),(#1653,#1654),(#1655,
#1656),(#1657,#1658),(#1659,#1660),(#1661,#1662),(#1663,#1664)),
 .SURF_OF_LINEAR_EXTRUSION.,.F.,.F.,.F.,(4,1,1,1,4),(2,2),(0.,0.25,0.5,
0.75,1.),(0.,1.),.UNSPECIFIED.);
#25=B_SPLINE_SURFACE_WITH_KNOTS('',3,1,((#1667,#1668),(#1669,#1670),(#1671,
#1672),(#1673,#1674),(#1675,#1676),(#1677,#1678),(#1679,#1680)),
 .SURF_OF_LINEAR_EXTRUSION.,.F.,.F.,.F.,(4,1,1,1,4),(2,2),(0.,0.25,0.5,
0.75,1.),(0.,1.),.UNSPECIFIED.);
#26=B_SPLINE_SURFACE_WITH_KNOTS('',3,1,((#1682,#1683),(#1684,#1685),(#1686,
#1687),(#1688,#1689),(#1690,#1691),(#1692,#1693),(#1694,#1695)),
 .SURF_OF_LINEAR_EXTRUSION.,.F.,.F.,.F.,(4,1,1,1,4),(2,2),(0.,0.25,0.5,
0.75,1.),(0.,1.),.UNSPECIFIED.);
#27=B_SPLINE_SURFACE_WITH_KNOTS('',3,1,((#1697,#1698),(#1699,#1700),(#1701,
#1702),(#1703,#1704),(#1705,#1706),(#1707,#1708),(#1709,#1710)),
 .SURF_OF_LINEAR_EXTRUSION.,.F.,.F.,.F.,(4,1,1,1,4),(2,2),(0.,0.25,0.5,
0.75,1.),(0.,1.),.UNSPECIFIED.);
#28=B_SPLINE_SURFACE_WITH_KNOTS('',3,1,((#1711,#1712),(#1713,#1714),(#1715,
#1716),(#1717,#1718),(#1719,#1720),(#1721,#1722),(#1723,#1724)),
 .SURF_OF_LINEAR_EXTRUSION.,.F.,.F.,.F.,(4,1,1,1,4),(2,2),(0.,0.25,0.5,
0.75,1.),(0.,1.),.UNSPECIFIED.);
#29=B_SPLINE_SURFACE_WITH_KNOTS('',3,1,((#1727,#1728),(#1729,#1730),(#1731,
#1732),(#1733,#1734),(#1735,#1736),(#1737,#1738),(#1739,#1740)),
 .SURF_OF_LINEAR_EXTRUSION.,.F.,.F.,.F.,(4,1,1,1,4),(2,2),(0.,0.25,0.5,
0.75,1.),(0.,1.),.UNSPECIFIED.);
#30=B_SPLINE_SURFACE_WITH_KNOTS('',3,1,((#1742,#1743),(#1744,#1745),(#1746,
#1747),(#1748,#1749),(#1750,#1751),(#1752,#1753),(#1754,#1755)),
 .SURF_OF_LINEAR_EXTRUSION.,.F.,.F.,.F.,(4,1,1,1,4),(2,2),(0.,0.25,0.5,
0.75,1.),(0.,1.),.UNSPECIFIED.);
#31=B_SPLINE_SURFACE_WITH_KNOTS('',3,1,((#1757,#1758),(#1759,#1760),(#1761,
#1762),(#1763,#1764),(#1765,#1766),(#1767,#1768),(#1769,#1770)),
 .SURF_OF_LINEAR_EXTRUSION.,.F.,.F.,.F.,(4,1,1,1,4),(2,2),(0.,0.25,0.5,
0.75,1.),(0.,1.),.UNSPECIFIED.);
#32=B_SPLINE_SURFACE_WITH_KNOTS('',3,1,((#1771,#1772),(#1773,#1774),(#1775,
#1776),(#1777,#1778),(#1779,#1780),(#1781,#1782),(#1783,#1784)),
 .SURF_OF_LINEAR_EXTRUSION.,.F.,.F.,.F.,(4,1,1,1,4),(2,2),(0.,0.25,0.5,
0.75,1.),(0.,1.),.UNSPECIFIED.);
#33=B_SPLINE_SURFACE_WITH_KNOTS('',3,1,((#1787,#1788),(#1789,#1790),(#1791,
#1792),(#1793,#1794),(#1795,#1796),(#1797,#1798),(#1799,#1800)),
 .SURF_OF_LINEAR_EXTRUSION.,.F.,.F.,.F.,(4,1,1,1,4),(2,2),(0.,0.25,0.5,
0.75,1.),(0.,1.),.UNSPECIFIED.);
#34=B_SPLINE_SURFACE_WITH_KNOTS('',3,1,((#1802,#1803),(#1804,#1805),(#1806,
#1807),(#1808,#1809),(#1810,#1811),(#1812,#1813),(#1814,#1815)),
 .SURF_OF_LINEAR_EXTRUSION.,.F.,.F.,.F.,(4,1,1,1,4),(2,2),(0.,0.25,0.5,
0.75,1.),(0.,1.),.UNSPECIFIED.);
#35=B_SPLINE_SURFACE_WITH_KNOTS('',3,1,((#1817,#1818),(#1819,#1820),(#1821,
#1822),(#1823,#1824),(#1825,#1826),(#1827,#1828),(#1829,#1830)),
 .SURF_OF_LINEAR_EXTRUSION.,.F.,.F.,.F.,(4,1,1,1,4),(2,2),(0.,0.25,0.5,
0.75,1.),(0.,1.),.UNSPECIFIED.);
#36=B_SPLINE_SURFACE_WITH_KNOTS('',3,1,((#1831,#1832),(#1833,#1834),(#1835,
#1836),(#1837,#1838),(#1839,#1840),(#1841,#1842),(#1843,#1844)),
 .SURF_OF_LINEAR_EXTRUSION.,.F.,.F.,.F.,(4,1,1,1,4),(2,2),(0.,0.25,0.5,
0.75,1.),(0.,1.),.UNSPECIFIED.);
#37=B_SPLINE_SURFACE_WITH_KNOTS('',3,1,((#1847,#1848),(#1849,#1850),(#1851,
#1852),(#1853,#1854),(#1855,#1856),(#1857,#1858),(#1859,#1860)),
 .SURF_OF_LINEAR_EXTRUSION.,.F.,.F.,.F.,(4,1,1,1,4),(2,2),(0.,0.25,0.5,
0.75,1.),(0.,1.),.UNSPECIFIED.);
#38=B_SPLINE_SURFACE_WITH_KNOTS('',3,1,((#1862,#1863),(#1864,#1865),(#1866,
#1867),(#1868,#1869),(#1870,#1871),(#1872,#1873),(#1874,#1875)),
 .SURF_OF_LINEAR_EXTRUSION.,.F.,.F.,.F.,(4,1,1,1,4),(2,2),(0.,0.25,0.5,
0.75,1.),(0.,1.),.UNSPECIFIED.);
#39=B_SPLINE_SURFACE_WITH_KNOTS('',3,1,((#1877,#1878),(#1879,#1880),(#1881,
#1882),(#1883,#1884),(#1885,#1886),(#1887,#1888),(#1889,#1890)),
 .SURF_OF_LINEAR_EXTRUSION.,.F.,.F.,.F.,(4,1,1,1,4),(2,2),(0.,0.25,0.5,
0.75,1.),(0.,1.),.UNSPECIFIED.);
#40=B_SPLINE_SURFACE_WITH_KNOTS('',3,1,((#1891,#1892),(#1893,#1894),(#1895,
#1896),(#1897,#1898),(#1899,#1900),(#1901,#1902),(#1903,#1904)),
 .SURF_OF_LINEAR_EXTRUSION.,.F.,.F.,.F.,(4,1,1,1,4),(2,2),(0.,0.25,0.5,
0.75,1.),(0.,1.),.UNSPECIFIED.);
#41=B_SPLINE_SURFACE_WITH_KNOTS('',3,1,((#1907,#1908),(#1909,#1910),(#1911,
#1912),(#1913,#1914),(#1915,#1916),(#1917,#1918),(#1919,#1920)),
 .SURF_OF_LINEAR_EXTRUSION.,.F.,.F.,.F.,(4,1,1,1,4),(2,2),(0.,0.25,0.5,
0.75,1.),(0.,1.),.UNSPECIFIED.);
#42=B_SPLINE_SURFACE_WITH_KNOTS('',3,1,((#1922,#1923),(#1924,#1925),(#1926,
#1927),(#1928,#1929),(#1930,#1931),(#1932,#1933),(#1934,#1935)),
 .SURF_OF_LINEAR_EXTRUSION.,.F.,.F.,.F.,(4,1,1,1,4),(2,2),(0.,0.25,0.5,
0.75,1.),(0.,1.),.UNSPECIFIED.);
#43=B_SPLINE_SURFACE_WITH_KNOTS('',3,1,((#1937,#1938),(#1939,#1940),(#1941,
#1942),(#1943,#1944),(#1945,#1946),(#1947,#1948),(#1949,#1950)),
 .SURF_OF_LINEAR_EXTRUSION.,.F.,.F.,.F.,(4,1,1,1,4),(2,2),(0.,0.25,0.5,
0.75,1.),(0.,1.),.UNSPECIFIED.);
#44=CYLINDRICAL_SURFACE('',#910,0.0599356935865948);
#45=CYLINDRICAL_SURFACE('',#912,0.0607365269349042);
#46=CYLINDRICAL_SURFACE('',#913,0.0552680772731634);
#47=CYLINDRICAL_SURFACE('',#914,0.0363200811719164);
#48=CYLINDRICAL_SURFACE('',#915,0.0469172544393313);
#49=CYLINDRICAL_SURFACE('',#916,0.0305865691857196);
#50=LINE('',#1223,#103);
#51=LINE('',#1234,#104);
#52=LINE('',#1237,#105);
#53=LINE('',#1239,#106);
#54=LINE('',#1241,#107);
#55=LINE('',#1256,#108);
#56=LINE('',#1449,#109);
#57=LINE('',#1452,#110);
#58=LINE('',#1454,#111);
#59=LINE('',#1456,#112);
#60=LINE('',#1458,#113);
#61=LINE('',#1459,#114);
#62=LINE('',#1461,#115);
#63=LINE('',#1463,#116);
#64=LINE('',#1465,#117);
#65=LINE('',#1467,#118);
#66=LINE('',#1469,#119);
#67=LINE('',#1485,#120);
#68=LINE('',#1486,#121);
#69=LINE('',#1501,#122);
#70=LINE('',#1516,#123);
#71=LINE('',#1545,#124);
#72=LINE('',#1546,#125);
#73=LINE('',#1561,#126);
#74=LINE('',#1576,#127);
#75=LINE('',#1605,#128);
#76=LINE('',#1606,#129);
#77=LINE('',#1621,#130);
#78=LINE('',#1636,#131);
#79=LINE('',#1665,#132);
#80=LINE('',#1666,#133);
#81=LINE('',#1681,#134);
#82=LINE('',#1696,#135);
#83=LINE('',#1725,#136);
#84=LINE('',#1726,#137);
#85=LINE('',#1741,#138);
#86=LINE('',#1756,#139);
#87=LINE('',#1785,#140);
#88=LINE('',#1786,#141);
#89=LINE('',#1801,#142);
#90=LINE('',#1816,#143);
#91=LINE('',#1845,#144);
#92=LINE('',#1846,#145);
#93=LINE('',#1861,#146);
#94=LINE('',#1876,#147);
#95=LINE('',#1905,#148);
#96=LINE('',#1906,#149);
#97=LINE('',#1921,#150);
#98=LINE('',#1936,#151);
#99=LINE('',#1952,#152);
#100=LINE('',#1953,#153);
#101=LINE('',#1955,#154);
#102=LINE('',#1957,#155);
#103=VECTOR('',#927,1.);
#104=VECTOR('',#938,1.);
#105=VECTOR('',#939,1.);
#106=VECTOR('',#940,1.);
#107=VECTOR('',#941,1.);
#108=VECTOR('',#956,1.);
#109=VECTOR('',#957,1.);
#110=VECTOR('',#958,1.);
#111=VECTOR('',#959,1.);
#112=VECTOR('',#960,1.);
#113=VECTOR('',#963,1.);
#114=VECTOR('',#964,1.);
#115=VECTOR('',#967,1.);
#116=VECTOR('',#970,1.);
#117=VECTOR('',#973,1.);
#118=VECTOR('',#976,1.);
#119=VECTOR('',#979,1.);
#120=VECTOR('',#982,1.);
#121=VECTOR('',#983,1.);
#122=VECTOR('',#984,1.);
#123=VECTOR('',#985,1.);
#124=VECTOR('',#986,1.);
#125=VECTOR('',#987,1.);
#126=VECTOR('',#988,1.);
#127=VECTOR('',#989,1.);
#128=VECTOR('',#990,1.);
#129=VECTOR('',#991,1.);
#130=VECTOR('',#992,1.);
#131=VECTOR('',#993,1.);
#132=VECTOR('',#994,1.);
#133=VECTOR('',#995,1.);
#134=VECTOR('',#996,1.);
#135=VECTOR('',#997,1.);
#136=VECTOR('',#998,1.);
#137=VECTOR('',#999,1.);
#138=VECTOR('',#1000,1.);
#139=VECTOR('',#1001,1.);
#140=VECTOR('',#1002,1.);
#141=VECTOR('',#1003,1.);
#142=VECTOR('',#1004,1.);
#143=VECTOR('',#1005,1.);
#144=VECTOR('',#1006,1.);
#145=VECTOR('',#1007,1.);
#146=VECTOR('',#1008,1.);
#147=VECTOR('',#1009,1.);
#148=VECTOR('',#1010,1.);
#149=VECTOR('',#1011,1.);
#150=VECTOR('',#1012,1.);
#151=VECTOR('',#1013,1.);
#152=VECTOR('',#1016,1.);
#153=VECTOR('',#1017,1.);
#154=VECTOR('',#1020,1.);
#155=VECTOR('',#1023,1.);
#156=CIRCLE('',#897,0.0599356935865948);
#157=CIRCLE('',#898,0.0607365269349042);
#158=CIRCLE('',#899,0.0552680772731634);
#159=CIRCLE('',#900,0.0363200811719164);
#160=CIRCLE('',#901,0.0469172544393313);
#161=CIRCLE('',#902,0.0305865691857196);
#162=CIRCLE('',#904,0.0599356935865948);
#163=CIRCLE('',#905,0.0305865691857196);
#164=CIRCLE('',#906,0.0469172544393313);
#165=CIRCLE('',#907,0.0363200811719164);
#166=CIRCLE('',#908,0.0552680772731634);
#167=CIRCLE('',#909,0.0607365269349042);
#168=ORIENTED_EDGE('',*,*,#426,.F.);
#169=ORIENTED_EDGE('',*,*,#427,.T.);
#170=ORIENTED_EDGE('',*,*,#428,.F.);
#171=ORIENTED_EDGE('',*,*,#429,.T.);
#172=ORIENTED_EDGE('',*,*,#430,.F.);
#173=ORIENTED_EDGE('',*,*,#431,.T.);
#174=ORIENTED_EDGE('',*,*,#432,.F.);
#175=ORIENTED_EDGE('',*,*,#433,.T.);
#176=ORIENTED_EDGE('',*,*,#434,.F.);
#177=ORIENTED_EDGE('',*,*,#435,.T.);
#178=ORIENTED_EDGE('',*,*,#436,.F.);
#179=ORIENTED_EDGE('',*,*,#437,.T.);
#180=ORIENTED_EDGE('',*,*,#438,.F.);
#181=ORIENTED_EDGE('',*,*,#439,.T.);
#182=ORIENTED_EDGE('',*,*,#440,.F.);
#183=ORIENTED_EDGE('',*,*,#441,.T.);
#184=ORIENTED_EDGE('',*,*,#442,.F.);
#185=ORIENTED_EDGE('',*,*,#443,.T.);
#186=ORIENTED_EDGE('',*,*,#444,.F.);
#187=ORIENTED_EDGE('',*,*,#445,.T.);
#188=ORIENTED_EDGE('',*,*,#446,.F.);
#189=ORIENTED_EDGE('',*,*,#447,.T.);
#190=ORIENTED_EDGE('',*,*,#448,.F.);
#191=ORIENTED_EDGE('',*,*,#449,.T.);
#192=ORIENTED_EDGE('',*,*,#450,.F.);
#193=ORIENTED_EDGE('',*,*,#451,.T.);
#194=ORIENTED_EDGE('',*,*,#452,.F.);
#195=ORIENTED_EDGE('',*,*,#453,.T.);
#196=ORIENTED_EDGE('',*,*,#454,.F.);
#197=ORIENTED_EDGE('',*,*,#455,.T.);
#198=ORIENTED_EDGE('',*,*,#456,.F.);
#199=ORIENTED_EDGE('',*,*,#457,.T.);
#200=ORIENTED_EDGE('',*,*,#458,.T.);
#201=ORIENTED_EDGE('',*,*,#459,.T.);
#202=ORIENTED_EDGE('',*,*,#460,.T.);
#203=ORIENTED_EDGE('',*,*,#461,.T.);
#204=ORIENTED_EDGE('',*,*,#462,.T.);
#205=ORIENTED_EDGE('',*,*,#463,.T.);
#206=ORIENTED_EDGE('',*,*,#464,.T.);
#207=ORIENTED_EDGE('',*,*,#465,.F.);
#208=ORIENTED_EDGE('',*,*,#466,.T.);
#209=ORIENTED_EDGE('',*,*,#467,.T.);
#210=ORIENTED_EDGE('',*,*,#468,.F.);
#211=ORIENTED_EDGE('',*,*,#469,.F.);
#212=ORIENTED_EDGE('',*,*,#470,.F.);
#213=ORIENTED_EDGE('',*,*,#471,.F.);
#214=ORIENTED_EDGE('',*,*,#472,.F.);
#215=ORIENTED_EDGE('',*,*,#473,.F.);
#216=ORIENTED_EDGE('',*,*,#474,.F.);
#217=ORIENTED_EDGE('',*,*,#475,.F.);
#218=ORIENTED_EDGE('',*,*,#476,.T.);
#219=ORIENTED_EDGE('',*,*,#477,.F.);
#220=ORIENTED_EDGE('',*,*,#478,.T.);
#221=ORIENTED_EDGE('',*,*,#479,.F.);
#222=ORIENTED_EDGE('',*,*,#480,.T.);
#223=ORIENTED_EDGE('',*,*,#481,.F.);
#224=ORIENTED_EDGE('',*,*,#482,.T.);
#225=ORIENTED_EDGE('',*,*,#483,.F.);
#226=ORIENTED_EDGE('',*,*,#484,.T.);
#227=ORIENTED_EDGE('',*,*,#485,.F.);
#228=ORIENTED_EDGE('',*,*,#486,.T.);
#229=ORIENTED_EDGE('',*,*,#487,.F.);
#230=ORIENTED_EDGE('',*,*,#488,.T.);
#231=ORIENTED_EDGE('',*,*,#489,.F.);
#232=ORIENTED_EDGE('',*,*,#490,.T.);
#233=ORIENTED_EDGE('',*,*,#491,.F.);
#234=ORIENTED_EDGE('',*,*,#492,.T.);
#235=ORIENTED_EDGE('',*,*,#493,.F.);
#236=ORIENTED_EDGE('',*,*,#494,.T.);
#237=ORIENTED_EDGE('',*,*,#495,.F.);
#238=ORIENTED_EDGE('',*,*,#496,.T.);
#239=ORIENTED_EDGE('',*,*,#497,.F.);
#240=ORIENTED_EDGE('',*,*,#498,.T.);
#241=ORIENTED_EDGE('',*,*,#499,.F.);
#242=ORIENTED_EDGE('',*,*,#500,.T.);
#243=ORIENTED_EDGE('',*,*,#501,.F.);
#244=ORIENTED_EDGE('',*,*,#502,.T.);
#245=ORIENTED_EDGE('',*,*,#503,.F.);
#246=ORIENTED_EDGE('',*,*,#504,.T.);
#247=ORIENTED_EDGE('',*,*,#505,.F.);
#248=ORIENTED_EDGE('',*,*,#506,.T.);
#249=ORIENTED_EDGE('',*,*,#507,.F.);
#250=ORIENTED_EDGE('',*,*,#508,.F.);
#251=ORIENTED_EDGE('',*,*,#509,.T.);
#252=ORIENTED_EDGE('',*,*,#510,.T.);
#253=ORIENTED_EDGE('',*,*,#511,.F.);
#254=ORIENTED_EDGE('',*,*,#469,.T.);
#255=ORIENTED_EDGE('',*,*,#512,.F.);
#256=ORIENTED_EDGE('',*,*,#458,.F.);
#257=ORIENTED_EDGE('',*,*,#513,.T.);
#258=ORIENTED_EDGE('',*,*,#475,.T.);
#259=ORIENTED_EDGE('',*,*,#514,.F.);
#260=ORIENTED_EDGE('',*,*,#459,.F.);
#261=ORIENTED_EDGE('',*,*,#512,.T.);
#262=ORIENTED_EDGE('',*,*,#474,.T.);
#263=ORIENTED_EDGE('',*,*,#515,.F.);
#264=ORIENTED_EDGE('',*,*,#460,.F.);
#265=ORIENTED_EDGE('',*,*,#514,.T.);
#266=ORIENTED_EDGE('',*,*,#473,.T.);
#267=ORIENTED_EDGE('',*,*,#516,.F.);
#268=ORIENTED_EDGE('',*,*,#461,.F.);
#269=ORIENTED_EDGE('',*,*,#515,.T.);
#270=ORIENTED_EDGE('',*,*,#472,.T.);
#271=ORIENTED_EDGE('',*,*,#517,.F.);
#272=ORIENTED_EDGE('',*,*,#462,.F.);
#273=ORIENTED_EDGE('',*,*,#516,.T.);
#274=ORIENTED_EDGE('',*,*,#471,.T.);
#275=ORIENTED_EDGE('',*,*,#518,.F.);
#276=ORIENTED_EDGE('',*,*,#463,.F.);
#277=ORIENTED_EDGE('',*,*,#517,.T.);
#278=ORIENTED_EDGE('',*,*,#470,.T.);
#279=ORIENTED_EDGE('',*,*,#513,.F.);
#280=ORIENTED_EDGE('',*,*,#464,.F.);
#281=ORIENTED_EDGE('',*,*,#518,.T.);
#282=ORIENTED_EDGE('',*,*,#454,.T.);
#283=ORIENTED_EDGE('',*,*,#519,.T.);
#284=ORIENTED_EDGE('',*,*,#477,.T.);
#285=ORIENTED_EDGE('',*,*,#520,.F.);
#286=ORIENTED_EDGE('',*,*,#521,.T.);
#287=ORIENTED_EDGE('',*,*,#478,.F.);
#288=ORIENTED_EDGE('',*,*,#519,.F.);
#289=ORIENTED_EDGE('',*,*,#457,.F.);
#290=ORIENTED_EDGE('',*,*,#456,.T.);
#291=ORIENTED_EDGE('',*,*,#522,.T.);
#292=ORIENTED_EDGE('',*,*,#479,.T.);
#293=ORIENTED_EDGE('',*,*,#521,.F.);
#294=ORIENTED_EDGE('',*,*,#520,.T.);
#295=ORIENTED_EDGE('',*,*,#476,.F.);
#296=ORIENTED_EDGE('',*,*,#522,.F.);
#297=ORIENTED_EDGE('',*,*,#455,.F.);
#298=ORIENTED_EDGE('',*,*,#450,.T.);
#299=ORIENTED_EDGE('',*,*,#523,.T.);
#300=ORIENTED_EDGE('',*,*,#481,.T.);
#301=ORIENTED_EDGE('',*,*,#524,.F.);
#302=ORIENTED_EDGE('',*,*,#525,.T.);
#303=ORIENTED_EDGE('',*,*,#482,.F.);
#304=ORIENTED_EDGE('',*,*,#523,.F.);
#305=ORIENTED_EDGE('',*,*,#453,.F.);
#306=ORIENTED_EDGE('',*,*,#452,.T.);
#307=ORIENTED_EDGE('',*,*,#526,.T.);
#308=ORIENTED_EDGE('',*,*,#483,.T.);
#309=ORIENTED_EDGE('',*,*,#525,.F.);
#310=ORIENTED_EDGE('',*,*,#524,.T.);
#311=ORIENTED_EDGE('',*,*,#480,.F.);
#312=ORIENTED_EDGE('',*,*,#526,.F.);
#313=ORIENTED_EDGE('',*,*,#451,.F.);
#314=ORIENTED_EDGE('',*,*,#446,.T.);
#315=ORIENTED_EDGE('',*,*,#527,.T.);
#316=ORIENTED_EDGE('',*,*,#485,.T.);
#317=ORIENTED_EDGE('',*,*,#528,.F.);
#318=ORIENTED_EDGE('',*,*,#529,.T.);
#319=ORIENTED_EDGE('',*,*,#486,.F.);
#320=ORIENTED_EDGE('',*,*,#527,.F.);
#321=ORIENTED_EDGE('',*,*,#449,.F.);
#322=ORIENTED_EDGE('',*,*,#448,.T.);
#323=ORIENTED_EDGE('',*,*,#530,.T.);
#324=ORIENTED_EDGE('',*,*,#487,.T.);
#325=ORIENTED_EDGE('',*,*,#529,.F.);
#326=ORIENTED_EDGE('',*,*,#528,.T.);
#327=ORIENTED_EDGE('',*,*,#484,.F.);
#328=ORIENTED_EDGE('',*,*,#530,.F.);
#329=ORIENTED_EDGE('',*,*,#447,.F.);
#330=ORIENTED_EDGE('',*,*,#442,.T.);
#331=ORIENTED_EDGE('',*,*,#531,.T.);
#332=ORIENTED_EDGE('',*,*,#489,.T.);
#333=ORIENTED_EDGE('',*,*,#532,.F.);
#334=ORIENTED_EDGE('',*,*,#533,.T.);
#335=ORIENTED_EDGE('',*,*,#490,.F.);
#336=ORIENTED_EDGE('',*,*,#531,.F.);
#337=ORIENTED_EDGE('',*,*,#445,.F.);
#338=ORIENTED_EDGE('',*,*,#444,.T.);
#339=ORIENTED_EDGE('',*,*,#534,.T.);
#340=ORIENTED_EDGE('',*,*,#491,.T.);
#341=ORIENTED_EDGE('',*,*,#533,.F.);
#342=ORIENTED_EDGE('',*,*,#532,.T.);
#343=ORIENTED_EDGE('',*,*,#488,.F.);
#344=ORIENTED_EDGE('',*,*,#534,.F.);
#345=ORIENTED_EDGE('',*,*,#443,.F.);
#346=ORIENTED_EDGE('',*,*,#438,.T.);
#347=ORIENTED_EDGE('',*,*,#535,.T.);
#348=ORIENTED_EDGE('',*,*,#493,.T.);
#349=ORIENTED_EDGE('',*,*,#536,.F.);
#350=ORIENTED_EDGE('',*,*,#537,.T.);
#351=ORIENTED_EDGE('',*,*,#494,.F.);
#352=ORIENTED_EDGE('',*,*,#535,.F.);
#353=ORIENTED_EDGE('',*,*,#441,.F.);
#354=ORIENTED_EDGE('',*,*,#440,.T.);
#355=ORIENTED_EDGE('',*,*,#538,.T.);
#356=ORIENTED_EDGE('',*,*,#495,.T.);
#357=ORIENTED_EDGE('',*,*,#537,.F.);
#358=ORIENTED_EDGE('',*,*,#536,.T.);
#359=ORIENTED_EDGE('',*,*,#492,.F.);
#360=ORIENTED_EDGE('',*,*,#538,.F.);
#361=ORIENTED_EDGE('',*,*,#439,.F.);
#362=ORIENTED_EDGE('',*,*,#434,.T.);
#363=ORIENTED_EDGE('',*,*,#539,.T.);
#364=ORIENTED_EDGE('',*,*,#497,.T.);
#365=ORIENTED_EDGE('',*,*,#540,.F.);
#366=ORIENTED_EDGE('',*,*,#541,.T.);
#367=ORIENTED_EDGE('',*,*,#498,.F.);
#368=ORIENTED_EDGE('',*,*,#539,.F.);
#369=ORIENTED_EDGE('',*,*,#437,.F.);
#370=ORIENTED_EDGE('',*,*,#436,.T.);
#371=ORIENTED_EDGE('',*,*,#542,.T.);
#372=ORIENTED_EDGE('',*,*,#499,.T.);
#373=ORIENTED_EDGE('',*,*,#541,.F.);
#374=ORIENTED_EDGE('',*,*,#540,.T.);
#375=ORIENTED_EDGE('',*,*,#496,.F.);
#376=ORIENTED_EDGE('',*,*,#542,.F.);
#377=ORIENTED_EDGE('',*,*,#435,.F.);
#378=ORIENTED_EDGE('',*,*,#430,.T.);
#379=ORIENTED_EDGE('',*,*,#543,.T.);
#380=ORIENTED_EDGE('',*,*,#501,.T.);
#381=ORIENTED_EDGE('',*,*,#544,.F.);
#382=ORIENTED_EDGE('',*,*,#545,.T.);
#383=ORIENTED_EDGE('',*,*,#502,.F.);
#384=ORIENTED_EDGE('',*,*,#543,.F.);
#385=ORIENTED_EDGE('',*,*,#433,.F.);
#386=ORIENTED_EDGE('',*,*,#432,.T.);
#387=ORIENTED_EDGE('',*,*,#546,.T.);
#388=ORIENTED_EDGE('',*,*,#503,.T.);
#389=ORIENTED_EDGE('',*,*,#545,.F.);
#390=ORIENTED_EDGE('',*,*,#544,.T.);
#391=ORIENTED_EDGE('',*,*,#500,.F.);
#392=ORIENTED_EDGE('',*,*,#546,.F.);
#393=ORIENTED_EDGE('',*,*,#431,.F.);
#394=ORIENTED_EDGE('',*,*,#426,.T.);
#395=ORIENTED_EDGE('',*,*,#547,.T.);
#396=ORIENTED_EDGE('',*,*,#505,.T.);
#397=ORIENTED_EDGE('',*,*,#548,.F.);
#398=ORIENTED_EDGE('',*,*,#549,.T.);
#399=ORIENTED_EDGE('',*,*,#506,.F.);
#400=ORIENTED_EDGE('',*,*,#547,.F.);
#401=ORIENTED_EDGE('',*,*,#429,.F.);
#402=ORIENTED_EDGE('',*,*,#428,.T.);
#403=ORIENTED_EDGE('',*,*,#550,.T.);
#404=ORIENTED_EDGE('',*,*,#507,.T.);
#405=ORIENTED_EDGE('',*,*,#549,.F.);
#406=ORIENTED_EDGE('',*,*,#548,.T.);
#407=ORIENTED_EDGE('',*,*,#504,.F.);
#408=ORIENTED_EDGE('',*,*,#550,.F.);
#409=ORIENTED_EDGE('',*,*,#427,.F.);
#410=ORIENTED_EDGE('',*,*,#508,.T.);
#411=ORIENTED_EDGE('',*,*,#551,.T.);
#412=ORIENTED_EDGE('',*,*,#466,.F.);
#413=ORIENTED_EDGE('',*,*,#552,.F.);
#414=ORIENTED_EDGE('',*,*,#552,.T.);
#415=ORIENTED_EDGE('',*,*,#465,.T.);
#416=ORIENTED_EDGE('',*,*,#553,.F.);
#417=ORIENTED_EDGE('',*,*,#509,.F.);
#418=ORIENTED_EDGE('',*,*,#553,.T.);
#419=ORIENTED_EDGE('',*,*,#468,.T.);
#420=ORIENTED_EDGE('',*,*,#554,.F.);
#421=ORIENTED_EDGE('',*,*,#510,.F.);
#422=ORIENTED_EDGE('',*,*,#511,.T.);
#423=ORIENTED_EDGE('',*,*,#554,.T.);
#424=ORIENTED_EDGE('',*,*,#467,.F.);
#425=ORIENTED_EDGE('',*,*,#551,.F.);
#426=EDGE_CURVE('',#555,#556,#641,.F.);
#427=EDGE_CURVE('',#555,#557,#642,.F.);
#428=EDGE_CURVE('',#558,#557,#643,.F.);
#429=EDGE_CURVE('',#558,#556,#644,.F.);
#430=EDGE_CURVE('',#559,#560,#645,.F.);
#431=EDGE_CURVE('',#559,#561,#646,.F.);
#432=EDGE_CURVE('',#562,#561,#647,.F.);
#433=EDGE_CURVE('',#562,#560,#648,.F.);
#434=EDGE_CURVE('',#563,#564,#649,.F.);
#435=EDGE_CURVE('',#563,#565,#650,.F.);
#436=EDGE_CURVE('',#566,#565,#651,.F.);
#437=EDGE_CURVE('',#566,#564,#652,.F.);
#438=EDGE_CURVE('',#567,#568,#653,.F.);
#439=EDGE_CURVE('',#567,#569,#654,.F.);
#440=EDGE_CURVE('',#570,#569,#655,.F.);
#441=EDGE_CURVE('',#570,#568,#656,.F.);
#442=EDGE_CURVE('',#571,#572,#657,.F.);
#443=EDGE_CURVE('',#571,#573,#658,.F.);
#444=EDGE_CURVE('',#574,#573,#659,.F.);
#445=EDGE_CURVE('',#574,#572,#660,.F.);
#446=EDGE_CURVE('',#575,#576,#661,.F.);
#447=EDGE_CURVE('',#575,#577,#662,.F.);
#448=EDGE_CURVE('',#578,#577,#663,.F.);
#449=EDGE_CURVE('',#578,#576,#664,.F.);
#450=EDGE_CURVE('',#579,#580,#665,.F.);
#451=EDGE_CURVE('',#579,#581,#666,.F.);
#452=EDGE_CURVE('',#582,#581,#667,.F.);
#453=EDGE_CURVE('',#582,#580,#668,.F.);
#454=EDGE_CURVE('',#583,#584,#669,.F.);
#455=EDGE_CURVE('',#583,#585,#670,.F.);
#456=EDGE_CURVE('',#586,#585,#671,.F.);
#457=EDGE_CURVE('',#586,#584,#672,.F.);
#458=EDGE_CURVE('',#587,#588,#156,.T.);
#459=EDGE_CURVE('',#588,#589,#50,.T.);
#460=EDGE_CURVE('',#589,#590,#157,.T.);
#461=EDGE_CURVE('',#590,#591,#158,.T.);
#462=EDGE_CURVE('',#591,#592,#159,.T.);
#463=EDGE_CURVE('',#592,#593,#160,.T.);
#464=EDGE_CURVE('',#593,#587,#161,.T.);
#465=EDGE_CURVE('',#594,#595,#51,.T.);
#466=EDGE_CURVE('',#594,#596,#52,.T.);
#467=EDGE_CURVE('',#596,#597,#53,.T.);
#468=EDGE_CURVE('',#595,#597,#54,.T.);
#469=EDGE_CURVE('',#598,#599,#162,.T.);
#470=EDGE_CURVE('',#600,#598,#163,.T.);
#471=EDGE_CURVE('',#601,#600,#164,.T.);
#472=EDGE_CURVE('',#602,#601,#165,.T.);
#473=EDGE_CURVE('',#603,#602,#166,.T.);
#474=EDGE_CURVE('',#604,#603,#167,.T.);
#475=EDGE_CURVE('',#599,#604,#55,.T.);
#476=EDGE_CURVE('',#605,#606,#673,.T.);
#477=EDGE_CURVE('',#607,#606,#674,.T.);
#478=EDGE_CURVE('',#607,#608,#675,.T.);
#479=EDGE_CURVE('',#605,#608,#676,.T.);
#480=EDGE_CURVE('',#609,#610,#677,.T.);
#481=EDGE_CURVE('',#611,#610,#678,.T.);
#482=EDGE_CURVE('',#611,#612,#679,.T.);
#483=EDGE_CURVE('',#609,#612,#680,.T.);
#484=EDGE_CURVE('',#613,#614,#681,.T.);
#485=EDGE_CURVE('',#615,#614,#682,.T.);
#486=EDGE_CURVE('',#615,#616,#683,.T.);
#487=EDGE_CURVE('',#613,#616,#684,.T.);
#488=EDGE_CURVE('',#617,#618,#685,.T.);
#489=EDGE_CURVE('',#619,#618,#686,.T.);
#490=EDGE_CURVE('',#619,#620,#687,.T.);
#491=EDGE_CURVE('',#617,#620,#688,.T.);
#492=EDGE_CURVE('',#621,#622,#689,.T.);
#493=EDGE_CURVE('',#623,#622,#690,.T.);
#494=EDGE_CURVE('',#623,#624,#691,.T.);
#495=EDGE_CURVE('',#621,#624,#692,.T.);
#496=EDGE_CURVE('',#625,#626,#693,.T.);
#497=EDGE_CURVE('',#627,#626,#694,.T.);
#498=EDGE_CURVE('',#627,#628,#695,.T.);
#499=EDGE_CURVE('',#625,#628,#696,.T.);
#500=EDGE_CURVE('',#629,#630,#697,.T.);
#501=EDGE_CURVE('',#631,#630,#698,.T.);
#502=EDGE_CURVE('',#631,#632,#699,.T.);
#503=EDGE_CURVE('',#629,#632,#700,.T.);
#504=EDGE_CURVE('',#633,#634,#701,.T.);
#505=EDGE_CURVE('',#635,#634,#702,.T.);
#506=EDGE_CURVE('',#635,#636,#703,.T.);
#507=EDGE_CURVE('',#633,#636,#704,.T.);
#508=EDGE_CURVE('',#637,#638,#56,.T.);
#509=EDGE_CURVE('',#637,#639,#57,.T.);
#510=EDGE_CURVE('',#639,#640,#58,.T.);
#511=EDGE_CURVE('',#638,#640,#59,.T.);
#512=EDGE_CURVE('',#588,#599,#60,.T.);
#513=EDGE_CURVE('',#587,#598,#61,.T.);
#514=EDGE_CURVE('',#589,#604,#62,.T.);
#515=EDGE_CURVE('',#590,#603,#63,.T.);
#516=EDGE_CURVE('',#591,#602,#64,.T.);
#517=EDGE_CURVE('',#592,#601,#65,.T.);
#518=EDGE_CURVE('',#593,#600,#66,.T.);
#519=EDGE_CURVE('',#584,#607,#67,.T.);
#520=EDGE_CURVE('',#583,#606,#68,.T.);
#521=EDGE_CURVE('',#586,#608,#69,.T.);
#522=EDGE_CURVE('',#585,#605,#70,.T.);
#523=EDGE_CURVE('',#580,#611,#71,.T.);
#524=EDGE_CURVE('',#579,#610,#72,.T.);
#525=EDGE_CURVE('',#582,#612,#73,.T.);
#526=EDGE_CURVE('',#581,#609,#74,.T.);
#527=EDGE_CURVE('',#576,#615,#75,.T.);
#528=EDGE_CURVE('',#575,#614,#76,.T.);
#529=EDGE_CURVE('',#578,#616,#77,.T.);
#530=EDGE_CURVE('',#577,#613,#78,.T.);
#531=EDGE_CURVE('',#572,#619,#79,.T.);
#532=EDGE_CURVE('',#571,#618,#80,.T.);
#533=EDGE_CURVE('',#574,#620,#81,.T.);
#534=EDGE_CURVE('',#573,#617,#82,.T.);
#535=EDGE_CURVE('',#568,#623,#83,.T.);
#536=EDGE_CURVE('',#567,#622,#84,.T.);
#537=EDGE_CURVE('',#570,#624,#85,.T.);
#538=EDGE_CURVE('',#569,#621,#86,.T.);
#539=EDGE_CURVE('',#564,#627,#87,.T.);
#540=EDGE_CURVE('',#563,#626,#88,.T.);
#541=EDGE_CURVE('',#566,#628,#89,.T.);
#542=EDGE_CURVE('',#565,#625,#90,.T.);
#543=EDGE_CURVE('',#560,#631,#91,.T.);
#544=EDGE_CURVE('',#559,#630,#92,.T.);
#545=EDGE_CURVE('',#562,#632,#93,.T.);
#546=EDGE_CURVE('',#561,#629,#94,.T.);
#547=EDGE_CURVE('',#556,#635,#95,.T.);
#548=EDGE_CURVE('',#555,#634,#96,.T.);
#549=EDGE_CURVE('',#558,#636,#97,.T.);
#550=EDGE_CURVE('',#557,#633,#98,.T.);
#551=EDGE_CURVE('',#638,#596,#99,.T.);
#552=EDGE_CURVE('',#637,#594,#100,.T.);
#553=EDGE_CURVE('',#639,#595,#101,.T.);
#554=EDGE_CURVE('',#640,#597,#102,.T.);
#555=VERTEX_POINT('',#1033);
#556=VERTEX_POINT('',#1034);
#557=VERTEX_POINT('',#1040);
#558=VERTEX_POINT('',#1046);
#559=VERTEX_POINT('',#1057);
#560=VERTEX_POINT('',#1058);
#561=VERTEX_POINT('',#1064);
#562=VERTEX_POINT('',#1070);
#563=VERTEX_POINT('',#1081);
#564=VERTEX_POINT('',#1082);
#565=VERTEX_POINT('',#1088);
#566=VERTEX_POINT('',#1094);
#567=VERTEX_POINT('',#1105);
#568=VERTEX_POINT('',#1106);
#569=VERTEX_POINT('',#1112);
#570=VERTEX_POINT('',#1118);
#571=VERTEX_POINT('',#1129);
#572=VERTEX_POINT('',#1130);
#573=VERTEX_POINT('',#1136);
#574=VERTEX_POINT('',#1142);
#575=VERTEX_POINT('',#1153);
#576=VERTEX_POINT('',#1154);
#577=VERTEX_POINT('',#1160);
#578=VERTEX_POINT('',#1166);
#579=VERTEX_POINT('',#1177);
#580=VERTEX_POINT('',#1178);
#581=VERTEX_POINT('',#1184);
#582=VERTEX_POINT('',#1190);
#583=VERTEX_POINT('',#1201);
#584=VERTEX_POINT('',#1202);
#585=VERTEX_POINT('',#1208);
#586=VERTEX_POINT('',#1214);
#587=VERTEX_POINT('',#1221);
#588=VERTEX_POINT('',#1222);
#589=VERTEX_POINT('',#1224);
#590=VERTEX_POINT('',#1226);
#591=VERTEX_POINT('',#1228);
#592=VERTEX_POINT('',#1230);
#593=VERTEX_POINT('',#1232);
#594=VERTEX_POINT('',#1235);
#595=VERTEX_POINT('',#1236);
#596=VERTEX_POINT('',#1238);
#597=VERTEX_POINT('',#1240);
#598=VERTEX_POINT('',#1244);
#599=VERTEX_POINT('',#1245);
#600=VERTEX_POINT('',#1247);
#601=VERTEX_POINT('',#1249);
#602=VERTEX_POINT('',#1251);
#603=VERTEX_POINT('',#1253);
#604=VERTEX_POINT('',#1255);
#605=VERTEX_POINT('',#1262);
#606=VERTEX_POINT('',#1263);
#607=VERTEX_POINT('',#1269);
#608=VERTEX_POINT('',#1275);
#609=VERTEX_POINT('',#1286);
#610=VERTEX_POINT('',#1287);
#611=VERTEX_POINT('',#1293);
#612=VERTEX_POINT('',#1299);
#613=VERTEX_POINT('',#1310);
#614=VERTEX_POINT('',#1311);
#615=VERTEX_POINT('',#1317);
#616=VERTEX_POINT('',#1323);
#617=VERTEX_POINT('',#1334);
#618=VERTEX_POINT('',#1335);
#619=VERTEX_POINT('',#1341);
#620=VERTEX_POINT('',#1347);
#621=VERTEX_POINT('',#1358);
#622=VERTEX_POINT('',#1359);
#623=VERTEX_POINT('',#1365);
#624=VERTEX_POINT('',#1371);
#625=VERTEX_POINT('',#1382);
#626=VERTEX_POINT('',#1383);
#627=VERTEX_POINT('',#1389);
#628=VERTEX_POINT('',#1395);
#629=VERTEX_POINT('',#1406);
#630=VERTEX_POINT('',#1407);
#631=VERTEX_POINT('',#1413);
#632=VERTEX_POINT('',#1419);
#633=VERTEX_POINT('',#1430);
#634=VERTEX_POINT('',#1431);
#635=VERTEX_POINT('',#1437);
#636=VERTEX_POINT('',#1443);
#637=VERTEX_POINT('',#1450);
#638=VERTEX_POINT('',#1451);
#639=VERTEX_POINT('',#1453);
#640=VERTEX_POINT('',#1455);
#641=B_SPLINE_CURVE_WITH_KNOTS('',3,(#1028,#1029,#1030,#1031,#1032),
 .UNSPECIFIED.,.F.,.F.,(4,1,4),(0.,0.453843167977597,1.),.UNSPECIFIED.);
#642=B_SPLINE_CURVE_WITH_KNOTS('',3,(#1035,#1036,#1037,#1038,#1039),
 .UNSPECIFIED.,.F.,.F.,(4,1,4),(0.,0.453843167977598,1.),.UNSPECIFIED.);
#643=B_SPLINE_CURVE_WITH_KNOTS('',3,(#1041,#1042,#1043,#1044,#1045),
 .UNSPECIFIED.,.F.,.F.,(4,1,4),(0.,0.453843167977597,1.),.UNSPECIFIED.);
#644=B_SPLINE_CURVE_WITH_KNOTS('',3,(#1047,#1048,#1049,#1050,#1051),
 .UNSPECIFIED.,.F.,.F.,(4,1,4),(0.,0.453843167977597,1.),.UNSPECIFIED.);
#645=B_SPLINE_CURVE_WITH_KNOTS('',3,(#1052,#1053,#1054,#1055,#1056),
 .UNSPECIFIED.,.F.,.F.,(4,1,4),(0.,0.453843167977597,1.),.UNSPECIFIED.);
#646=B_SPLINE_CURVE_WITH_KNOTS('',3,(#1059,#1060,#1061,#1062,#1063),
 .UNSPECIFIED.,.F.,.F.,(4,1,4),(0.,0.453843167977597,1.),.UNSPECIFIED.);
#647=B_SPLINE_CURVE_WITH_KNOTS('',3,(#1065,#1066,#1067,#1068,#1069),
 .UNSPECIFIED.,.F.,.F.,(4,1,4),(0.,0.453843167977597,1.),.UNSPECIFIED.);
#648=B_SPLINE_CURVE_WITH_KNOTS('',3,(#1071,#1072,#1073,#1074,#1075),
 .UNSPECIFIED.,.F.,.F.,(4,1,4),(0.,0.453843167977597,1.),.UNSPECIFIED.);
#649=B_SPLINE_CURVE_WITH_KNOTS('',3,(#1076,#1077,#1078,#1079,#1080),
 .UNSPECIFIED.,.F.,.F.,(4,1,4),(0.,0.453843167977597,1.),.UNSPECIFIED.);
#650=B_SPLINE_CURVE_WITH_KNOTS('',3,(#1083,#1084,#1085,#1086,#1087),
 .UNSPECIFIED.,.F.,.F.,(4,1,4),(0.,0.453843167977597,1.),.UNSPECIFIED.);
#651=B_SPLINE_CURVE_WITH_KNOTS('',3,(#1089,#1090,#1091,#1092,#1093),
 .UNSPECIFIED.,.F.,.F.,(4,1,4),(0.,0.453843167977597,1.),.UNSPECIFIED.);
#652=B_SPLINE_CURVE_WITH_KNOTS('',3,(#1095,#1096,#1097,#1098,#1099),
 .UNSPECIFIED.,.F.,.F.,(4,1,4),(0.,0.453843167977597,1.),.UNSPECIFIED.);
#653=B_SPLINE_CURVE_WITH_KNOTS('',3,(#1100,#1101,#1102,#1103,#1104),
 .UNSPECIFIED.,.F.,.F.,(4,1,4),(0.,0.453843167977597,1.),.UNSPECIFIED.);
#654=B_SPLINE_CURVE_WITH_KNOTS('',3,(#1107,#1108,#1109,#1110,#1111),
 .UNSPECIFIED.,.F.,.F.,(4,1,4),(0.,0.453843167977597,1.),.UNSPECIFIED.);
#655=B_SPLINE_CURVE_WITH_KNOTS('',3,(#1113,#1114,#1115,#1116,#1117),
 .UNSPECIFIED.,.F.,.F.,(4,1,4),(0.,0.453843167977597,1.),.UNSPECIFIED.);
#656=B_SPLINE_CURVE_WITH_KNOTS('',3,(#1119,#1120,#1121,#1122,#1123),
 .UNSPECIFIED.,.F.,.F.,(4,1,4),(0.,0.453843167977597,1.),.UNSPECIFIED.);
#657=B_SPLINE_CURVE_WITH_KNOTS('',3,(#1124,#1125,#1126,#1127,#1128),
 .UNSPECIFIED.,.F.,.F.,(4,1,4),(0.,0.453843167977597,1.),.UNSPECIFIED.);
#658=B_SPLINE_CURVE_WITH_KNOTS('',3,(#1131,#1132,#1133,#1134,#1135),
 .UNSPECIFIED.,.F.,.F.,(4,1,4),(0.,0.453843167977597,1.),.UNSPECIFIED.);
#659=B_SPLINE_CURVE_WITH_KNOTS('',3,(#1137,#1138,#1139,#1140,#1141),
 .UNSPECIFIED.,.F.,.F.,(4,1,4),(0.,0.453843167977597,1.),.UNSPECIFIED.);
#660=B_SPLINE_CURVE_WITH_KNOTS('',3,(#1143,#1144,#1145,#1146,#1147),
 .UNSPECIFIED.,.F.,.F.,(4,1,4),(0.,0.453843167977597,1.),.UNSPECIFIED.);
#661=B_SPLINE_CURVE_WITH_KNOTS('',3,(#1148,#1149,#1150,#1151,#1152),
 .UNSPECIFIED.,.F.,.F.,(4,1,4),(0.,0.453843167977597,1.),.UNSPECIFIED.);
#662=B_SPLINE_CURVE_WITH_KNOTS('',3,(#1155,#1156,#1157,#1158,#1159),
 .UNSPECIFIED.,.F.,.F.,(4,1,4),(0.,0.453843167977597,1.),.UNSPECIFIED.);
#663=B_SPLINE_CURVE_WITH_KNOTS('',3,(#1161,#1162,#1163,#1164,#1165),
 .UNSPECIFIED.,.F.,.F.,(4,1,4),(0.,0.453843167977597,1.),.UNSPECIFIED.);
#664=B_SPLINE_CURVE_WITH_KNOTS('',3,(#1167,#1168,#1169,#1170,#1171),
 .UNSPECIFIED.,.F.,.F.,(4,1,4),(0.,0.453843167977597,1.),.UNSPECIFIED.);
#665=B_SPLINE_CURVE_WITH_KNOTS('',3,(#1172,#1173,#1174,#1175,#1176),
 .UNSPECIFIED.,.F.,.F.,(4,1,4),(0.,0.453843167977597,1.),.UNSPECIFIED.);
#666=B_SPLINE_CURVE_WITH_KNOTS('',3,(#1179,#1180,#1181,#1182,#1183),
 .UNSPECIFIED.,.F.,.F.,(4,1,4),(0.,0.453843167977597,1.),.UNSPECIFIED.);
#667=B_SPLINE_CURVE_WITH_KNOTS('',3,(#1185,#1186,#1187,#1188,#1189),
 .UNSPECIFIED.,.F.,.F.,(4,1,4),(0.,0.453843167977597,1.),.UNSPECIFIED.);
#668=B_SPLINE_CURVE_WITH_KNOTS('',3,(#1191,#1192,#1193,#1194,#1195),
 .UNSPECIFIED.,.F.,.F.,(4,1,4),(0.,0.453843167977597,1.),.UNSPECIFIED.);
#669=B_SPLINE_CURVE_WITH_KNOTS('',3,(#1196,#1197,#1198,#1199,#1200),
 .UNSPECIFIED.,.F.,.F.,(4,1,4),(0.,0.453843167977597,1.),.UNSPECIFIED.);
#670=B_SPLINE_CURVE_WITH_KNOTS('',3,(#1203,#1204,#1205,#1206,#1207),
 .UNSPECIFIED.,.F.,.F.,(4,1,4),(0.,0.453843167977597,1.),.UNSPECIFIED.);
#671=B_SPLINE_CURVE_WITH_KNOTS('',3,(#1209,#1210,#1211,#1212,#1213),
 .UNSPECIFIED.,.F.,.F.,(4,1,4),(0.,0.453843167977597,1.),.UNSPECIFIED.);
#672=B_SPLINE_CURVE_WITH_KNOTS('',3,(#1215,#1216,#1217,#1218,#1219),
 .UNSPECIFIED.,.F.,.F.,(4,1,4),(0.,0.453843167977597,1.),.UNSPECIFIED.);
#673=B_SPLINE_CURVE_WITH_KNOTS('',3,(#1257,#1258,#1259,#1260,#1261),
 .UNSPECIFIED.,.F.,.F.,(4,1,4),(0.,0.453843167977597,1.),.UNSPECIFIED.);
#674=B_SPLINE_CURVE_WITH_KNOTS('',3,(#1264,#1265,#1266,#1267,#1268),
 .UNSPECIFIED.,.F.,.F.,(4,1,4),(0.,0.453843167977597,1.),.UNSPECIFIED.);
#675=B_SPLINE_CURVE_WITH_KNOTS('',3,(#1270,#1271,#1272,#1273,#1274),
 .UNSPECIFIED.,.F.,.F.,(4,1,4),(0.,0.453843167977597,1.),.UNSPECIFIED.);
#676=B_SPLINE_CURVE_WITH_KNOTS('',3,(#1276,#1277,#1278,#1279,#1280),
 .UNSPECIFIED.,.F.,.F.,(4,1,4),(0.,0.453843167977597,1.),.UNSPECIFIED.);
#677=B_SPLINE_CURVE_WITH_KNOTS('',3,(#1281,#1282,#1283,#1284,#1285),
 .UNSPECIFIED.,.F.,.F.,(4,1,4),(0.,0.453843167977597,1.),.UNSPECIFIED.);
#678=B_SPLINE_CURVE_WITH_KNOTS('',3,(#1288,#1289,#1290,#1291,#1292),
 .UNSPECIFIED.,.F.,.F.,(4,1,4),(0.,0.453843167977597,1.),.UNSPECIFIED.);
#679=B_SPLINE_CURVE_WITH_KNOTS('',3,(#1294,#1295,#1296,#1297,#1298),
 .UNSPECIFIED.,.F.,.F.,(4,1,4),(0.,0.453843167977597,1.),.UNSPECIFIED.);
#680=B_SPLINE_CURVE_WITH_KNOTS('',3,(#1300,#1301,#1302,#1303,#1304),
 .UNSPECIFIED.,.F.,.F.,(4,1,4),(0.,0.453843167977597,1.),.UNSPECIFIED.);
#681=B_SPLINE_CURVE_WITH_KNOTS('',3,(#1305,#1306,#1307,#1308,#1309),
 .UNSPECIFIED.,.F.,.F.,(4,1,4),(0.,0.453843167977597,1.),.UNSPECIFIED.);
#682=B_SPLINE_CURVE_WITH_KNOTS('',3,(#1312,#1313,#1314,#1315,#1316),
 .UNSPECIFIED.,.F.,.F.,(4,1,4),(0.,0.453843167977597,1.),.UNSPECIFIED.);
#683=B_SPLINE_CURVE_WITH_KNOTS('',3,(#1318,#1319,#1320,#1321,#1322),
 .UNSPECIFIED.,.F.,.F.,(4,1,4),(0.,0.453843167977597,1.),.UNSPECIFIED.);
#684=B_SPLINE_CURVE_WITH_KNOTS('',3,(#1324,#1325,#1326,#1327,#1328),
 .UNSPECIFIED.,.F.,.F.,(4,1,4),(0.,0.453843167977597,1.),.UNSPECIFIED.);
#685=B_SPLINE_CURVE_WITH_KNOTS('',3,(#1329,#1330,#1331,#1332,#1333),
 .UNSPECIFIED.,.F.,.F.,(4,1,4),(0.,0.453843167977597,1.),.UNSPECIFIED.);
#686=B_SPLINE_CURVE_WITH_KNOTS('',3,(#1336,#1337,#1338,#1339,#1340),
 .UNSPECIFIED.,.F.,.F.,(4,1,4),(0.,0.453843167977597,1.),.UNSPECIFIED.);
#687=B_SPLINE_CURVE_WITH_KNOTS('',3,(#1342,#1343,#1344,#1345,#1346),
 .UNSPECIFIED.,.F.,.F.,(4,1,4),(0.,0.453843167977597,1.),.UNSPECIFIED.);
#688=B_SPLINE_CURVE_WITH_KNOTS('',3,(#1348,#1349,#1350,#1351,#1352),
 .UNSPECIFIED.,.F.,.F.,(4,1,4),(0.,0.453843167977597,1.),.UNSPECIFIED.);
#689=B_SPLINE_CURVE_WITH_KNOTS('',3,(#1353,#1354,#1355,#1356,#1357),
 .UNSPECIFIED.,.F.,.F.,(4,1,4),(0.,0.453843167977597,1.),.UNSPECIFIED.);
#690=B_SPLINE_CURVE_WITH_KNOTS('',3,(#1360,#1361,#1362,#1363,#1364),
 .UNSPECIFIED.,.F.,.F.,(4,1,4),(0.,0.453843167977597,1.),.UNSPECIFIED.);
#691=B_SPLINE_CURVE_WITH_KNOTS('',3,(#1366,#1367,#1368,#1369,#1370),
 .UNSPECIFIED.,.F.,.F.,(4,1,4),(0.,0.453843167977597,1.),.UNSPECIFIED.);
#692=B_SPLINE_CURVE_WITH_KNOTS('',3,(#1372,#1373,#1374,#1375,#1376),
 .UNSPECIFIED.,.F.,.F.,(4,1,4),(0.,0.453843167977597,1.),.UNSPECIFIED.);
#693=B_SPLINE_CURVE_WITH_KNOTS('',3,(#1377,#1378,#1379,#1380,#1381),
 .UNSPECIFIED.,.F.,.F.,(4,1,4),(0.,0.453843167977597,1.),.UNSPECIFIED.);
#694=B_SPLINE_CURVE_WITH_KNOTS('',3,(#1384,#1385,#1386,#1387,#1388),
 .UNSPECIFIED.,.F.,.F.,(4,1,4),(0.,0.453843167977597,1.),.UNSPECIFIED.);
#695=B_SPLINE_CURVE_WITH_KNOTS('',3,(#1390,#1391,#1392,#1393,#1394),
 .UNSPECIFIED.,.F.,.F.,(4,1,4),(0.,0.453843167977597,1.),.UNSPECIFIED.);
#696=B_SPLINE_CURVE_WITH_KNOTS('',3,(#1396,#1397,#1398,#1399,#1400),
 .UNSPECIFIED.,.F.,.F.,(4,1,4),(0.,0.453843167977597,1.),.UNSPECIFIED.);
#697=B_SPLINE_CURVE_WITH_KNOTS('',3,(#1401,#1402,#1403,#1404,#1405),
 .UNSPECIFIED.,.F.,.F.,(4,1,4),(0.,0.453843167977597,1.),.UNSPECIFIED.);
#698=B_SPLINE_CURVE_WITH_KNOTS('',3,(#1408,#1409,#1410,#1411,#1412),
 .UNSPECIFIED.,.F.,.F.,(4,1,4),(0.,0.453843167977597,1.),.UNSPECIFIED.);
#699=B_SPLINE_CURVE_WITH_KNOTS('',3,(#1414,#1415,#1416,#1417,#1418),
 .UNSPECIFIED.,.F.,.F.,(4,1,4),(0.,0.453843167977597,1.),.UNSPECIFIED.);
#700=B_SPLINE_CURVE_WITH_KNOTS('',3,(#1420,#1421,#1422,#1423,#1424),
 .UNSPECIFIED.,.F.,.F.,(4,1,4),(0.,0.453843167977597,1.),.UNSPECIFIED.);
#701=B_SPLINE_CURVE_WITH_KNOTS('',3,(#1425,#1426,#1427,#1428,#1429),
 .UNSPECIFIED.,.F.,.F.,(4,1,4),(0.,0.453843167977598,1.),.UNSPECIFIED.);
#702=B_SPLINE_CURVE_WITH_KNOTS('',3,(#1432,#1433,#1434,#1435,#1436),
 .UNSPECIFIED.,.F.,.F.,(4,1,4),(0.,0.453843167977597,1.),.UNSPECIFIED.);
#703=B_SPLINE_CURVE_WITH_KNOTS('',3,(#1438,#1439,#1440,#1441,#1442),
 .UNSPECIFIED.,.F.,.F.,(4,1,4),(0.,0.453843167977597,1.),.UNSPECIFIED.);
#704=B_SPLINE_CURVE_WITH_KNOTS('',3,(#1444,#1445,#1446,#1447,#1448),
 .UNSPECIFIED.,.F.,.F.,(4,1,4),(0.,0.453843167977597,1.),.UNSPECIFIED.);
#705=EDGE_LOOP('',(#168,#169,#170,#171));
#706=EDGE_LOOP('',(#172,#173,#174,#175));
#707=EDGE_LOOP('',(#176,#177,#178,#179));
#708=EDGE_LOOP('',(#180,#181,#182,#183));
#709=EDGE_LOOP('',(#184,#185,#186,#187));
#710=EDGE_LOOP('',(#188,#189,#190,#191));
#711=EDGE_LOOP('',(#192,#193,#194,#195));
#712=EDGE_LOOP('',(#196,#197,#198,#199));
#713=EDGE_LOOP('',(#200,#201,#202,#203,#204,#205,#206));
#714=EDGE_LOOP('',(#207,#208,#209,#210));
#715=EDGE_LOOP('',(#211,#212,#213,#214,#215,#216,#217));
#716=EDGE_LOOP('',(#218,#219,#220,#221));
#717=EDGE_LOOP('',(#222,#223,#224,#225));
#718=EDGE_LOOP('',(#226,#227,#228,#229));
#719=EDGE_LOOP('',(#230,#231,#232,#233));
#720=EDGE_LOOP('',(#234,#235,#236,#237));
#721=EDGE_LOOP('',(#238,#239,#240,#241));
#722=EDGE_LOOP('',(#242,#243,#244,#245));
#723=EDGE_LOOP('',(#246,#247,#248,#249));
#724=EDGE_LOOP('',(#250,#251,#252,#253));
#725=EDGE_LOOP('',(#254,#255,#256,#257));
#726=EDGE_LOOP('',(#258,#259,#260,#261));
#727=EDGE_LOOP('',(#262,#263,#264,#265));
#728=EDGE_LOOP('',(#266,#267,#268,#269));
#729=EDGE_LOOP('',(#270,#271,#272,#273));
#730=EDGE_LOOP('',(#274,#275,#276,#277));
#731=EDGE_LOOP('',(#278,#279,#280,#281));
#732=EDGE_LOOP('',(#282,#283,#284,#285));
#733=EDGE_LOOP('',(#286,#287,#288,#289));
#734=EDGE_LOOP('',(#290,#291,#292,#293));
#735=EDGE_LOOP('',(#294,#295,#296,#297));
#736=EDGE_LOOP('',(#298,#299,#300,#301));
#737=EDGE_LOOP('',(#302,#303,#304,#305));
#738=EDGE_LOOP('',(#306,#307,#308,#309));
#739=EDGE_LOOP('',(#310,#311,#312,#313));
#740=EDGE_LOOP('',(#314,#315,#316,#317));
#741=EDGE_LOOP('',(#318,#319,#320,#321));
#742=EDGE_LOOP('',(#322,#323,#324,#325));
#743=EDGE_LOOP('',(#326,#327,#328,#329));
#744=EDGE_LOOP('',(#330,#331,#332,#333));
#745=EDGE_LOOP('',(#334,#335,#336,#337));
#746=EDGE_LOOP('',(#338,#339,#340,#341));
#747=EDGE_LOOP('',(#342,#343,#344,#345));
#748=EDGE_LOOP('',(#346,#347,#348,#349));
#749=EDGE_LOOP('',(#350,#351,#352,#353));
#750=EDGE_LOOP('',(#354,#355,#356,#357));
#751=EDGE_LOOP('',(#358,#359,#360,#361));
#752=EDGE_LOOP('',(#362,#363,#364,#365));
#753=EDGE_LOOP('',(#366,#367,#368,#369));
#754=EDGE_LOOP('',(#370,#371,#372,#373));
#755=EDGE_LOOP('',(#374,#375,#376,#377));
#756=EDGE_LOOP('',(#378,#379,#380,#381));
#757=EDGE_LOOP('',(#382,#383,#384,#385));
#758=EDGE_LOOP('',(#386,#387,#388,#389));
#759=EDGE_LOOP('',(#390,#391,#392,#393));
#760=EDGE_LOOP('',(#394,#395,#396,#397));
#761=EDGE_LOOP('',(#398,#399,#400,#401));
#762=EDGE_LOOP('',(#402,#403,#404,#405));
#763=EDGE_LOOP('',(#406,#407,#408,#409));
#764=EDGE_LOOP('',(#410,#411,#412,#413));
#765=EDGE_LOOP('',(#414,#415,#416,#417));
#766=EDGE_LOOP('',(#418,#419,#420,#421));
#767=EDGE_LOOP('',(#422,#423,#424,#425));
#768=FACE_BOUND('',#705,.T.);
#769=FACE_BOUND('',#706,.T.);
#770=FACE_BOUND('',#707,.T.);
#771=FACE_BOUND('',#708,.T.);
#772=FACE_BOUND('',#709,.T.);
#773=FACE_BOUND('',#710,.T.);
#774=FACE_BOUND('',#711,.T.);
#775=FACE_BOUND('',#712,.T.);
#776=FACE_BOUND('',#713,.T.);
#777=FACE_BOUND('',#714,.T.);
#778=FACE_BOUND('',#715,.T.);
#779=FACE_BOUND('',#716,.T.);
#780=FACE_BOUND('',#717,.T.);
#781=FACE_BOUND('',#718,.T.);
#782=FACE_BOUND('',#719,.T.);
#783=FACE_BOUND('',#720,.T.);
#784=FACE_BOUND('',#721,.T.);
#785=FACE_BOUND('',#722,.T.);
#786=FACE_BOUND('',#723,.T.);
#787=FACE_BOUND('',#724,.T.);
#788=FACE_BOUND('',#725,.T.);
#789=FACE_BOUND('',#726,.T.);
#790=FACE_BOUND('',#727,.T.);
#791=FACE_BOUND('',#728,.T.);
#792=FACE_BOUND('',#729,.T.);
#793=FACE_BOUND('',#730,.T.);
#794=FACE_BOUND('',#731,.T.);
#795=FACE_BOUND('',#732,.T.);
#796=FACE_BOUND('',#733,.T.);
#797=FACE_BOUND('',#734,.T.);
#798=FACE_BOUND('',#735,.T.);
#799=FACE_BOUND('',#736,.T.);
#800=FACE_BOUND('',#737,.T.);
#801=FACE_BOUND('',#738,.T.);
#802=FACE_BOUND('',#739,.T.);
#803=FACE_BOUND('',#740,.T.);
#804=FACE_BOUND('',#741,.T.);
#805=FACE_BOUND('',#742,.T.);
#806=FACE_BOUND('',#743,.T.);
#807=FACE_BOUND('',#744,.T.);
#808=FACE_BOUND('',#745,.T.);
#809=FACE_BOUND('',#746,.T.);
#810=FACE_BOUND('',#747,.T.);
#811=FACE_BOUND('',#748,.T.);
#812=FACE_BOUND('',#749,.T.);
#813=FACE_BOUND('',#750,.T.);
#814=FACE_BOUND('',#751,.T.);
#815=FACE_BOUND('',#752,.T.);
#816=FACE_BOUND('',#753,.T.);
#817=FACE_BOUND('',#754,.T.);
#818=FACE_BOUND('',#755,.T.);
#819=FACE_BOUND('',#756,.T.);
#820=FACE_BOUND('',#757,.T.);
#821=FACE_BOUND('',#758,.T.);
#822=FACE_BOUND('',#759,.T.);
#823=FACE_BOUND('',#760,.T.);
#824=FACE_BOUND('',#761,.T.);
#825=FACE_BOUND('',#762,.T.);
#826=FACE_BOUND('',#763,.T.);
#827=FACE_BOUND('',#764,.T.);
#828=FACE_BOUND('',#765,.T.);
#829=FACE_BOUND('',#766,.T.);
#830=FACE_BOUND('',#767,.T.);
#831=PLANE('',#896);
#832=PLANE('',#903);
#833=PLANE('',#911);
#834=PLANE('',#917);
#835=PLANE('',#918);
#836=PLANE('',#919);
#837=PLANE('',#920);
#838=ADVANCED_FACE('',(#768,#769,#770,#771,#772,#773,#774,#775,#776,#777),
#831,.T.);
#839=ADVANCED_FACE('',(#778,#779,#780,#781,#782,#783,#784,#785,#786,#787),
#832,.F.);
#840=ADVANCED_FACE('',(#788),#44,.T.);
#841=ADVANCED_FACE('',(#789),#833,.F.);
#842=ADVANCED_FACE('',(#790),#45,.T.);
#843=ADVANCED_FACE('',(#791),#46,.T.);
#844=ADVANCED_FACE('',(#792),#47,.T.);
#845=ADVANCED_FACE('',(#793),#48,.T.);
#846=ADVANCED_FACE('',(#794),#49,.T.);
#847=ADVANCED_FACE('',(#795),#12,.F.);
#848=ADVANCED_FACE('',(#796),#13,.T.);
#849=ADVANCED_FACE('',(#797),#14,.F.);
#850=ADVANCED_FACE('',(#798),#15,.T.);
#851=ADVANCED_FACE('',(#799),#16,.F.);
#852=ADVANCED_FACE('',(#800),#17,.T.);
#853=ADVANCED_FACE('',(#801),#18,.F.);
#854=ADVANCED_FACE('',(#802),#19,.T.);
#855=ADVANCED_FACE('',(#803),#20,.F.);
#856=ADVANCED_FACE('',(#804),#21,.T.);
#857=ADVANCED_FACE('',(#805),#22,.F.);
#858=ADVANCED_FACE('',(#806),#23,.T.);
#859=ADVANCED_FACE('',(#807),#24,.F.);
#860=ADVANCED_FACE('',(#808),#25,.T.);
#861=ADVANCED_FACE('',(#809),#26,.F.);
#862=ADVANCED_FACE('',(#810),#27,.T.);
#863=ADVANCED_FACE('',(#811),#28,.F.);
#864=ADVANCED_FACE('',(#812),#29,.T.);
#865=ADVANCED_FACE('',(#813),#30,.F.);
#866=ADVANCED_FACE('',(#814),#31,.T.);
#867=ADVANCED_FACE('',(#815),#32,.F.);
#868=ADVANCED_FACE('',(#816),#33,.T.);
#869=ADVANCED_FACE('',(#817),#34,.F.);
#870=ADVANCED_FACE('',(#818),#35,.T.);
#871=ADVANCED_FACE('',(#819),#36,.F.);
#872=ADVANCED_FACE('',(#820),#37,.T.);
#873=ADVANCED_FACE('',(#821),#38,.F.);
#874=ADVANCED_FACE('',(#822),#39,.T.);
#875=ADVANCED_FACE('',(#823),#40,.F.);
#876=ADVANCED_FACE('',(#824),#41,.T.);
#877=ADVANCED_FACE('',(#825),#42,.F.);
#878=ADVANCED_FACE('',(#826),#43,.T.);
#879=ADVANCED_FACE('',(#827),#834,.T.);
#880=ADVANCED_FACE('',(#828),#835,.F.);
#881=ADVANCED_FACE('',(#829),#836,.F.);
#882=ADVANCED_FACE('',(#830),#837,.T.);
#883=CLOSED_SHELL('',(#838,#839,#840,#841,#842,#843,#844,#845,#846,#847,
#848,#849,#850,#851,#852,#853,#854,#855,#856,#857,#858,#859,#860,#861,#862,
#863,#864,#865,#866,#867,#868,#869,#870,#871,#872,#873,#874,#875,#876,#877,
#878,#879,#880,#881,#882));
#884=STYLED_ITEM('',(#885),#892);
#885=PRESENTATION_STYLE_ASSIGNMENT((#886));
#886=SURFACE_STYLE_USAGE(.BOTH.,#887);
#887=SURFACE_SIDE_STYLE('',(#888));
#888=SURFACE_STYLE_FILL_AREA(#889);
#889=FILL_AREA_STYLE('',(#890));
#890=FILL_AREA_STYLE_COLOUR('',#891);
#891=COLOUR_RGB('',0.615686274509804,0.811764705882353,0.929411764705882);
#892=MANIFOLD_SOLID_BREP('Part 1',#883);
#893=SHAPE_DEFINITION_REPRESENTATION(#1965,#894);
#894=SHAPE_REPRESENTATION('Part 1',(#895),#1960);
#895=AXIS2_PLACEMENT_3D('',#1026,#921,#922);
#896=AXIS2_PLACEMENT_3D('',#1027,#923,#924);
#897=AXIS2_PLACEMENT_3D('',#1220,#925,#926);
#898=AXIS2_PLACEMENT_3D('',#1225,#928,#929);
#899=AXIS2_PLACEMENT_3D('',#1227,#930,#931);
#900=AXIS2_PLACEMENT_3D('',#1229,#932,#933);
#901=AXIS2_PLACEMENT_3D('',#1231,#934,#935);
#902=AXIS2_PLACEMENT_3D('',#1233,#936,#937);
#903=AXIS2_PLACEMENT_3D('',#1242,#942,#943);
#904=AXIS2_PLACEMENT_3D('',#1243,#944,#945);
#905=AXIS2_PLACEMENT_3D('',#1246,#946,#947);
#906=AXIS2_PLACEMENT_3D('',#1248,#948,#949);
#907=AXIS2_PLACEMENT_3D('',#1250,#950,#951);
#908=AXIS2_PLACEMENT_3D('',#1252,#952,#953);
#909=AXIS2_PLACEMENT_3D('',#1254,#954,#955);
#910=AXIS2_PLACEMENT_3D('',#1457,#961,#962);
#911=AXIS2_PLACEMENT_3D('',#1460,#965,#966);
#912=AXIS2_PLACEMENT_3D('',#1462,#968,#969);
#913=AXIS2_PLACEMENT_3D('',#1464,#971,#972);
#914=AXIS2_PLACEMENT_3D('',#1466,#974,#975);
#915=AXIS2_PLACEMENT_3D('',#1468,#977,#978);
#916=AXIS2_PLACEMENT_3D('',#1470,#980,#981);
#917=AXIS2_PLACEMENT_3D('',#1951,#1014,#1015);
#918=AXIS2_PLACEMENT_3D('',#1954,#1018,#1019);
#919=AXIS2_PLACEMENT_3D('',#1956,#1021,#1022);
#920=AXIS2_PLACEMENT_3D('',#1958,#1024,#1025);
#921=DIRECTION('',(0.,0.,1.));
#922=DIRECTION('',(1.,0.,0.));
#923=DIRECTION('',(0.,-1.,0.));
#924=DIRECTION('',(1.,0.,0.));
#925=DIRECTION('',(0.,-1.,0.));
#926=DIRECTION('',(0.,0.,-1.));
#927=DIRECTION('',(1.,0.,-2.1373834336547E-16));
#928=DIRECTION('',(0.,-1.,0.));
#929=DIRECTION('',(0.,0.,-1.));
#930=DIRECTION('',(0.,-1.,0.));
#931=DIRECTION('',(0.,0.,-1.));
#932=DIRECTION('',(0.,-1.,0.));
#933=DIRECTION('',(0.,0.,-1.));
#934=DIRECTION('',(0.,-1.,0.));
#935=DIRECTION('',(0.,0.,-1.));
#936=DIRECTION('',(0.,-1.,0.));
#937=DIRECTION('',(0.,0.,-1.));
#938=DIRECTION('',(0.,0.,-1.));
#939=DIRECTION('',(1.,0.,0.));
#940=DIRECTION('',(0.,0.,-1.));
#941=DIRECTION('',(1.,0.,0.));
#942=DIRECTION('',(0.,-1.,0.));
#943=DIRECTION('',(1.,0.,0.));
#944=DIRECTION('',(0.,-1.,0.));
#945=DIRECTION('',(0.,0.,-1.));
#946=DIRECTION('',(0.,-1.,0.));
#947=DIRECTION('',(0.,0.,-1.));
#948=DIRECTION('',(0.,-1.,0.));
#949=DIRECTION('',(0.,0.,-1.));
#950=DIRECTION('',(0.,-1.,0.));
#951=DIRECTION('',(0.,0.,-1.));
#952=DIRECTION('',(0.,-1.,0.));
#953=DIRECTION('',(0.,0.,-1.));
#954=DIRECTION('',(0.,-1.,0.));
#955=DIRECTION('',(0.,0.,-1.));
#956=DIRECTION('',(1.,0.,-2.1373834336547E-16));
#957=DIRECTION('',(1.,0.,0.));
#958=DIRECTION('',(0.,0.,-1.));
#959=DIRECTION('',(1.,0.,0.));
#960=DIRECTION('',(0.,0.,-1.));
#961=DIRECTION('',(0.,1.,0.));
#962=DIRECTION('',(0.,0.,1.));
#963=DIRECTION('',(0.,1.,0.));
#964=DIRECTION('',(0.,1.,0.));
#965=DIRECTION('',(2.1373834336547E-16,0.,1.));
#966=DIRECTION('',(1.,0.,-2.1373834336547E-16));
#967=DIRECTION('',(0.,1.,0.));
#968=DIRECTION('',(0.,1.,0.));
#969=DIRECTION('',(0.,0.,1.));
#970=DIRECTION('',(0.,1.,0.));
#971=DIRECTION('',(0.,1.,0.));
#972=DIRECTION('',(0.,0.,1.));
#973=DIRECTION('',(0.,1.,0.));
#974=DIRECTION('',(0.,1.,0.));
#975=DIRECTION('',(0.,0.,1.));
#976=DIRECTION('',(0.,1.,0.));
#977=DIRECTION('',(0.,1.,0.));
#978=DIRECTION('',(0.,0.,1.));
#979=DIRECTION('',(0.,1.,0.));
#980=DIRECTION('',(0.,1.,0.));
#981=DIRECTION('',(0.,0.,1.));
#982=DIRECTION('',(0.,1.,0.));
#983=DIRECTION('',(0.,1.,0.));
#984=DIRECTION('',(0.,1.,0.));
#985=DIRECTION('',(0.,1.,0.));
#986=DIRECTION('',(0.,1.,0.));
#987=DIRECTION('',(0.,1.,0.));
#988=DIRECTION('',(0.,1.,0.));
#989=DIRECTION('',(0.,1.,0.));
#990=DIRECTION('',(0.,1.,0.));
#991=DIRECTION('',(0.,1.,0.));
#992=DIRECTION('',(0.,1.,0.));
#993=DIRECTION('',(0.,1.,0.));
#994=DIRECTION('',(0.,1.,0.));
#995=DIRECTION('',(0.,1.,0.));
#996=DIRECTION('',(0.,1.,0.));
#997=DIRECTION('',(0.,1.,0.));
#998=DIRECTION('',(0.,1.,0.));
#999=DIRECTION('',(0.,1.,0.));
#1000=DIRECTION('',(0.,1.,0.));
#1001=DIRECTION('',(0.,1.,0.));
#1002=DIRECTION('',(0.,1.,0.));
#1003=DIRECTION('',(0.,1.,0.));
#1004=DIRECTION('',(0.,1.,0.));
#1005=DIRECTION('',(0.,1.,0.));
#1006=DIRECTION('',(0.,1.,0.));
#1007=DIRECTION('',(0.,1.,0.));
#1008=DIRECTION('',(0.,1.,0.));
#1009=DIRECTION('',(0.,1.,0.));
#1010=DIRECTION('',(0.,1.,0.));
#1011=DIRECTION('',(0.,1.,0.));
#1012=DIRECTION('',(0.,1.,0.));
#1013=DIRECTION('',(0.,1.,0.));
#1014=DIRECTION('',(0.,0.,-1.));
#1015=DIRECTION('',(-1.,0.,0.));
#1016=DIRECTION('',(0.,-1.,0.));
#1017=DIRECTION('',(0.,-1.,0.));
#1018=DIRECTION('',(-1.,0.,0.));
#1019=DIRECTION('',(0.,0.,1.));
#1020=DIRECTION('',(0.,-1.,0.));
#1021=DIRECTION('',(0.,0.,-1.));
#1022=DIRECTION('',(-1.,0.,0.));
#1023=DIRECTION('',(0.,-1.,0.));
#1024=DIRECTION('',(-1.,0.,0.));
#1025=DIRECTION('',(0.,0.,1.));
#1026=CARTESIAN_POINT('',(0.,0.,0.));
#1027=CARTESIAN_POINT('',(0.0116800539833985,-0.005,0.110388827232823));
#1028=CARTESIAN_POINT('',(-0.131968496516111,-0.005,0.0566344514019539));
#1029=CARTESIAN_POINT('',(-0.129436724183743,-0.005,0.0573844514019566));
#1030=CARTESIAN_POINT('',(-0.127889590522425,-0.005,0.0585296767575445));
#1031=CARTESIAN_POINT('',(-0.127267204254831,-0.005,0.0622089217195131));
#1032=CARTESIAN_POINT('',(-0.126936724183735,-0.005,0.0651888266171024));
#1033=CARTESIAN_POINT('',(-0.126936724183751,-0.005,0.0651888266171024));
#1034=CARTESIAN_POINT('',(-0.131968496516111,-0.005,0.0566344514019592));
#1035=CARTESIAN_POINT('',(-0.121904951851375,-0.005,0.0566344514019539));
#1036=CARTESIAN_POINT('',(-0.124436724183743,-0.005,0.0573844514019566));
#1037=CARTESIAN_POINT('',(-0.125983857845062,-0.005,0.0585296767575445));
#1038=CARTESIAN_POINT('',(-0.126606244112656,-0.005,0.0622089217195131));
#1039=CARTESIAN_POINT('',(-0.126936724183751,-0.005,0.0651888266171024));
#1040=CARTESIAN_POINT('',(-0.121904951851375,-0.005,0.0566344514019539));
#1041=CARTESIAN_POINT('',(-0.121904951851359,-0.005,0.0566344514019539));
#1042=CARTESIAN_POINT('',(-0.124436724183727,-0.005,0.0558844514019513));
#1043=CARTESIAN_POINT('',(-0.125983857845045,-0.005,0.0547392260463633));
#1044=CARTESIAN_POINT('',(-0.126606244112639,-0.005,0.0510599810843948));
#1045=CARTESIAN_POINT('',(-0.126936724183735,-0.005,0.0480800761868055));
#1046=CARTESIAN_POINT('',(-0.126936724183735,-0.005,0.0480800761868055));
#1047=CARTESIAN_POINT('',(-0.131968496516111,-0.005,0.0566344514019592));
#1048=CARTESIAN_POINT('',(-0.129436724183743,-0.005,0.0558844514019566));
#1049=CARTESIAN_POINT('',(-0.127889590522425,-0.005,0.0547392260463687));
#1050=CARTESIAN_POINT('',(-0.127267204254831,-0.005,0.0510599810844));
#1051=CARTESIAN_POINT('',(-0.126936724183735,-0.005,0.0480800761868108));
#1052=CARTESIAN_POINT('',(-0.0410317723323759,-0.005,0.159550201155956));
#1053=CARTESIAN_POINT('',(-0.0385000000000081,-0.005,0.160300201155958));
#1054=CARTESIAN_POINT('',(-0.0369528663386896,-0.005,0.161445426511546));
#1055=CARTESIAN_POINT('',(-0.0363304800710956,-0.005,0.165124671473515));
#1056=CARTESIAN_POINT('',(-0.036,-0.005,0.168104576371104));
#1057=CARTESIAN_POINT('',(-0.0360000000000161,-0.005,0.168104576371104));
#1058=CARTESIAN_POINT('',(-0.0410317723323759,-0.005,0.15955020115596));
#1059=CARTESIAN_POINT('',(-0.0309682276676402,-0.005,0.159550201155956));
#1060=CARTESIAN_POINT('',(-0.0335000000000081,-0.005,0.160300201155958));
#1061=CARTESIAN_POINT('',(-0.0350471336613266,-0.005,0.161445426511546));
#1062=CARTESIAN_POINT('',(-0.0356695199289206,-0.005,0.165124671473515));
#1063=CARTESIAN_POINT('',(-0.0360000000000161,-0.005,0.168104576371104));
#1064=CARTESIAN_POINT('',(-0.0309682276676402,-0.005,0.159550201155956));
#1065=CARTESIAN_POINT('',(-0.0309682276676241,-0.005,0.159550201155956));
#1066=CARTESIAN_POINT('',(-0.0334999999999919,-0.005,0.158800201155953));
#1067=CARTESIAN_POINT('',(-0.0350471336613104,-0.005,0.157654975800364));
#1068=CARTESIAN_POINT('',(-0.0356695199289044,-0.005,0.153975730838396));
#1069=CARTESIAN_POINT('',(-0.036,-0.005,0.150995825940807));
#1070=CARTESIAN_POINT('',(-0.036,-0.005,0.150995825940807));
#1071=CARTESIAN_POINT('',(-0.0410317723323759,-0.005,0.15955020115596));
#1072=CARTESIAN_POINT('',(-0.0385000000000081,-0.005,0.158800201155958));
#1073=CARTESIAN_POINT('',(-0.0369528663386896,-0.005,0.15765497580037));
#1074=CARTESIAN_POINT('',(-0.0363304800710956,-0.005,0.153975730838401));
#1075=CARTESIAN_POINT('',(-0.036,-0.005,0.150995825940812));
#1076=CARTESIAN_POINT('',(0.0532915241275491,-0.005,0.0275311801726159));
#1077=CARTESIAN_POINT('',(0.0558232964599169,-0.005,0.0282811801726186));
#1078=CARTESIAN_POINT('',(0.0573704301212354,-0.005,0.0294264055282065));
#1079=CARTESIAN_POINT('',(0.0579928163888293,-0.005,0.033105650490175));
#1080=CARTESIAN_POINT('',(0.058323296459925,-0.005,0.0360855553877644));
#1081=CARTESIAN_POINT('',(0.0583232964599088,-0.005,0.0360855553877644));
#1082=CARTESIAN_POINT('',(0.0532915241275491,-0.005,0.0275311801726212));
#1083=CARTESIAN_POINT('',(0.0633550687922847,-0.005,0.0275311801726159));
#1084=CARTESIAN_POINT('',(0.0608232964599169,-0.005,0.0282811801726186));
#1085=CARTESIAN_POINT('',(0.0592761627985984,-0.005,0.0294264055282065));
#1086=CARTESIAN_POINT('',(0.0586537765310044,-0.005,0.033105650490175));
#1087=CARTESIAN_POINT('',(0.0583232964599088,-0.005,0.0360855553877644));
#1088=CARTESIAN_POINT('',(0.0633550687922847,-0.005,0.0275311801726159));
#1089=CARTESIAN_POINT('',(0.0633550687923009,-0.005,0.0275311801726159));
#1090=CARTESIAN_POINT('',(0.0608232964599331,-0.005,0.0267811801726132));
#1091=CARTESIAN_POINT('',(0.0592761627986146,-0.005,0.0256359548170253));
#1092=CARTESIAN_POINT('',(0.0586537765310206,-0.005,0.0219567098550568));
#1093=CARTESIAN_POINT('',(0.058323296459925,-0.005,0.0189768049574674));
#1094=CARTESIAN_POINT('',(0.058323296459925,-0.005,0.0189768049574674));
#1095=CARTESIAN_POINT('',(0.0532915241275491,-0.005,0.0275311801726212));
#1096=CARTESIAN_POINT('',(0.0558232964599169,-0.005,0.0267811801726185));
#1097=CARTESIAN_POINT('',(0.0573704301212354,-0.005,0.0256359548170307));
#1098=CARTESIAN_POINT('',(0.0579928163888294,-0.005,0.021956709855062));
#1099=CARTESIAN_POINT('',(0.058323296459925,-0.005,0.0189768049574728));
#1100=CARTESIAN_POINT('',(-1.61676227961039E-14,-0.005,0.0666042789028695));
#1101=CARTESIAN_POINT('',(0.00253177233235165,-0.005,0.0673542789028722));
#1102=CARTESIAN_POINT('',(0.00407890599367013,-0.005,0.0684995042584601));
#1103=CARTESIAN_POINT('',(0.0047012922612641,-0.005,0.0721787492204286));
#1104=CARTESIAN_POINT('',(0.00503177233235974,-0.005,0.075158654118018));
#1105=CARTESIAN_POINT('',(0.00503177233234356,-0.005,0.075158654118018));
#1106=CARTESIAN_POINT('',(-1.61676227961039E-14,-0.005,0.0666042789028748));
#1107=CARTESIAN_POINT('',(0.0100635446647195,-0.005,0.0666042789028695));
#1108=CARTESIAN_POINT('',(0.00753177233235165,-0.005,0.0673542789028722));
#1109=CARTESIAN_POINT('',(0.00598463867103317,-0.005,0.0684995042584601));
#1110=CARTESIAN_POINT('',(0.0053622524034392,-0.005,0.0721787492204287));
#1111=CARTESIAN_POINT('',(0.00503177233234356,-0.005,0.075158654118018));
#1112=CARTESIAN_POINT('',(0.0100635446647195,-0.005,0.0666042789028695));
#1113=CARTESIAN_POINT('',(0.0100635446647356,-0.005,0.0666042789028695));
#1114=CARTESIAN_POINT('',(0.00753177233236782,-0.005,0.0658542789028668));
#1115=CARTESIAN_POINT('',(0.00598463867104936,-0.005,0.0647090535472789));
#1116=CARTESIAN_POINT('',(0.00536225240345538,-0.005,0.0610298085853104));
#1117=CARTESIAN_POINT('',(0.00503177233235973,-0.005,0.0580499036877211));
#1118=CARTESIAN_POINT('',(0.00503177233235973,-0.005,0.0580499036877211));
#1119=CARTESIAN_POINT('',(-1.61676227961039E-14,-0.005,0.0666042789028748));
#1120=CARTESIAN_POINT('',(0.00253177233235165,-0.005,0.0658542789028722));
#1121=CARTESIAN_POINT('',(0.00407890599367012,-0.005,0.0647090535472843));
#1122=CARTESIAN_POINT('',(0.00470129226126412,-0.005,0.0610298085853156));
#1123=CARTESIAN_POINT('',(0.00503177233235974,-0.005,0.0580499036877264));
#1124=CARTESIAN_POINT('',(-0.0308721679078426,-0.005,0.109767444770364));
#1125=CARTESIAN_POINT('',(-0.0283403955754748,-0.005,0.110517444770367));
#1126=CARTESIAN_POINT('',(-0.0267932619141563,-0.005,0.111662670125955));
#1127=CARTESIAN_POINT('',(-0.0261708756465624,-0.005,0.115341915087923));
#1128=CARTESIAN_POINT('',(-0.0258403955754667,-0.005,0.118321819985512));
#1129=CARTESIAN_POINT('',(-0.0258403955754829,-0.005,0.118321819985512));
#1130=CARTESIAN_POINT('',(-0.0308721679078426,-0.005,0.109767444770369));
#1131=CARTESIAN_POINT('',(-0.020808623243107,-0.005,0.109767444770364));
#1132=CARTESIAN_POINT('',(-0.0233403955754748,-0.005,0.110517444770367));
#1133=CARTESIAN_POINT('',(-0.0248875292367933,-0.005,0.111662670125955));
#1134=CARTESIAN_POINT('',(-0.0255099155043873,-0.005,0.115341915087923));
#1135=CARTESIAN_POINT('',(-0.0258403955754829,-0.005,0.118321819985512));
#1136=CARTESIAN_POINT('',(-0.020808623243107,-0.005,0.109767444770364));
#1137=CARTESIAN_POINT('',(-0.0208086232430908,-0.005,0.109767444770364));
#1138=CARTESIAN_POINT('',(-0.0233403955754586,-0.005,0.109017444770361));
#1139=CARTESIAN_POINT('',(-0.0248875292367771,-0.005,0.107872219414773));
#1140=CARTESIAN_POINT('',(-0.025509915504371,-0.005,0.104192974452805));
#1141=CARTESIAN_POINT('',(-0.0258403955754667,-0.005,0.101213069555216));
#1142=CARTESIAN_POINT('',(-0.0258403955754667,-0.005,0.101213069555216));
#1143=CARTESIAN_POINT('',(-0.0308721679078426,-0.005,0.109767444770369));
#1144=CARTESIAN_POINT('',(-0.0283403955754748,-0.005,0.109017444770367));
#1145=CARTESIAN_POINT('',(-0.0267932619141564,-0.005,0.107872219414779));
#1146=CARTESIAN_POINT('',(-0.0261708756465624,-0.005,0.10419297445281));
#1147=CARTESIAN_POINT('',(-0.0258403955754667,-0.005,0.101213069555221));
#1148=CARTESIAN_POINT('',(0.0349682276676241,-0.005,0.132065882762302));
#1149=CARTESIAN_POINT('',(0.0374999999999919,-0.005,0.132815882762305));
#1150=CARTESIAN_POINT('',(0.0390471336613104,-0.005,0.133961108117893));
#1151=CARTESIAN_POINT('',(0.0396695199289044,-0.005,0.137640353079861));
#1152=CARTESIAN_POINT('',(0.04,-0.005,0.140620257977451));
#1153=CARTESIAN_POINT('',(0.0399999999999838,-0.005,0.140620257977451));
#1154=CARTESIAN_POINT('',(0.0349682276676241,-0.005,0.132065882762308));
#1155=CARTESIAN_POINT('',(0.0450317723323598,-0.005,0.132065882762302));
#1156=CARTESIAN_POINT('',(0.042499999999992,-0.005,0.132815882762305));
#1157=CARTESIAN_POINT('',(0.0409528663386735,-0.005,0.133961108117893));
#1158=CARTESIAN_POINT('',(0.0403304800710795,-0.005,0.137640353079861));
#1159=CARTESIAN_POINT('',(0.0399999999999838,-0.005,0.140620257977451));
#1160=CARTESIAN_POINT('',(0.0450317723323598,-0.005,0.132065882762302));
#1161=CARTESIAN_POINT('',(0.0450317723323759,-0.005,0.132065882762302));
#1162=CARTESIAN_POINT('',(0.0425000000000081,-0.005,0.1313158827623));
#1163=CARTESIAN_POINT('',(0.0409528663386897,-0.005,0.130170657406712));
#1164=CARTESIAN_POINT('',(0.0403304800710957,-0.005,0.126491412444743));
#1165=CARTESIAN_POINT('',(0.04,-0.005,0.123511507547154));
#1166=CARTESIAN_POINT('',(0.04,-0.005,0.123511507547154));
#1167=CARTESIAN_POINT('',(0.0349682276676241,-0.005,0.132065882762308));
#1168=CARTESIAN_POINT('',(0.0374999999999919,-0.005,0.131315882762305));
#1169=CARTESIAN_POINT('',(0.0390471336613104,-0.005,0.130170657406717));
#1170=CARTESIAN_POINT('',(0.0396695199289044,-0.005,0.126491412444748));
#1171=CARTESIAN_POINT('',(0.04,-0.005,0.123511507547159));
#1172=CARTESIAN_POINT('',(-0.0681377684948098,-0.005,0.0417268523236243));
#1173=CARTESIAN_POINT('',(-0.065605996162442,-0.005,0.0424768523236269));
#1174=CARTESIAN_POINT('',(-0.0640588625011235,-0.005,0.0436220776792149));
#1175=CARTESIAN_POINT('',(-0.0634364762335295,-0.005,0.0473013226411834));
#1176=CARTESIAN_POINT('',(-0.0631059961624339,-0.005,0.0502812275387727));
#1177=CARTESIAN_POINT('',(-0.0631059961624501,-0.005,0.0502812275387727));
#1178=CARTESIAN_POINT('',(-0.0681377684948098,-0.005,0.0417268523236296));
#1179=CARTESIAN_POINT('',(-0.0580742238300741,-0.005,0.0417268523236243));
#1180=CARTESIAN_POINT('',(-0.060605996162442,-0.005,0.0424768523236269));
#1181=CARTESIAN_POINT('',(-0.0621531298237604,-0.005,0.0436220776792149));
#1182=CARTESIAN_POINT('',(-0.0627755160913544,-0.005,0.0473013226411834));
#1183=CARTESIAN_POINT('',(-0.0631059961624501,-0.005,0.0502812275387727));
#1184=CARTESIAN_POINT('',(-0.0580742238300741,-0.005,0.0417268523236243));
#1185=CARTESIAN_POINT('',(-0.058074223830058,-0.005,0.0417268523236243));
#1186=CARTESIAN_POINT('',(-0.0606059961624258,-0.005,0.0409768523236217));
#1187=CARTESIAN_POINT('',(-0.0621531298237443,-0.005,0.0398316269680337));
#1188=CARTESIAN_POINT('',(-0.0627755160913382,-0.005,0.0361523820060651));
#1189=CARTESIAN_POINT('',(-0.0631059961624339,-0.005,0.0331724771084759));
#1190=CARTESIAN_POINT('',(-0.0631059961624339,-0.005,0.0331724771084759));
#1191=CARTESIAN_POINT('',(-0.0681377684948098,-0.005,0.0417268523236296));
#1192=CARTESIAN_POINT('',(-0.065605996162442,-0.005,0.0409768523236269));
#1193=CARTESIAN_POINT('',(-0.0640588625011235,-0.005,0.039831626968039));
#1194=CARTESIAN_POINT('',(-0.0634364762335295,-0.005,0.0361523820060703));
#1195=CARTESIAN_POINT('',(-0.0631059961624339,-0.005,0.0331724771084812));
#1196=CARTESIAN_POINT('',(-0.0883442349438447,-0.005,0.110152021766338));
#1197=CARTESIAN_POINT('',(-0.0858124626114769,-0.005,0.110902021766341));
#1198=CARTESIAN_POINT('',(-0.0842653289501584,-0.005,0.112047247121929));
#1199=CARTESIAN_POINT('',(-0.0836429426825645,-0.005,0.115726492083897));
#1200=CARTESIAN_POINT('',(-0.0833124626114688,-0.005,0.118706396981487));
#1201=CARTESIAN_POINT('',(-0.083312462611485,-0.005,0.118706396981487));
#1202=CARTESIAN_POINT('',(-0.0883442349438447,-0.005,0.110152021766344));
#1203=CARTESIAN_POINT('',(-0.0782806902791091,-0.005,0.110152021766338));
#1204=CARTESIAN_POINT('',(-0.0808124626114769,-0.005,0.110902021766341));
#1205=CARTESIAN_POINT('',(-0.0823595962727954,-0.005,0.112047247121929));
#1206=CARTESIAN_POINT('',(-0.0829819825403894,-0.005,0.115726492083897));
#1207=CARTESIAN_POINT('',(-0.083312462611485,-0.005,0.118706396981487));
#1208=CARTESIAN_POINT('',(-0.0782806902791091,-0.005,0.110152021766338));
#1209=CARTESIAN_POINT('',(-0.0782806902790929,-0.005,0.110152021766338));
#1210=CARTESIAN_POINT('',(-0.0808124626114607,-0.005,0.109402021766336));
#1211=CARTESIAN_POINT('',(-0.0823595962727792,-0.005,0.108256796410748));
#1212=CARTESIAN_POINT('',(-0.0829819825403732,-0.005,0.104577551448779));
#1213=CARTESIAN_POINT('',(-0.0833124626114688,-0.005,0.10159764655119));
#1214=CARTESIAN_POINT('',(-0.0833124626114688,-0.005,0.10159764655119));
#1215=CARTESIAN_POINT('',(-0.0883442349438447,-0.005,0.110152021766344));
#1216=CARTESIAN_POINT('',(-0.0858124626114769,-0.005,0.109402021766341));
#1217=CARTESIAN_POINT('',(-0.0842653289501584,-0.005,0.108256796410753));
#1218=CARTESIAN_POINT('',(-0.0836429426825645,-0.005,0.104577551448784));
#1219=CARTESIAN_POINT('',(-0.0833124626114688,-0.005,0.101597646551195));
#1220=CARTESIAN_POINT('',(-0.136397927999496,-0.005,0.0597164519131184));
#1221=CARTESIAN_POINT('',(-0.12931952907292,-0.005,0.119232698723064));
#1222=CARTESIAN_POINT('',(-0.131276137627527,-0.005,8.96065392772865E-18));
#1223=CARTESIAN_POINT('',(-0.0106918844580649,-0.005,-1.75784779171631E-17));
#1224=CARTESIAN_POINT('',(0.1842011064291,-0.005,-2.08166817117217E-17));
#1225=CARTESIAN_POINT('',(0.158957202617984,-0.005,0.0552419317592123));
#1226=CARTESIAN_POINT('',(0.165283250809369,-0.005,0.115648113714329));
#1227=CARTESIAN_POINT('',(0.11213384648643,-0.005,0.130804009781179));
#1228=CARTESIAN_POINT('',(0.071808115541935,-0.005,0.168598133521048));
#1229=CARTESIAN_POINT('',(0.0359040577709675,-0.005,0.174079641699791));
#1230=CARTESIAN_POINT('',(-6.93889390390723E-17,-0.005,0.179561149878534));
#1231=CARTESIAN_POINT('',(-0.0465959422290325,-0.005,0.174079641699791));
#1232=CARTESIAN_POINT('',(-0.093191884458065,-0.005,0.168598133521048));
#1233=CARTESIAN_POINT('',(-0.111255706765493,-0.005,0.143915416122056));
#1234=CARTESIAN_POINT('',(0.129196205267872,-0.005,0.117226195483645));
#1235=CARTESIAN_POINT('',(0.129196205267872,-0.005,0.147726195483645));
#1236=CARTESIAN_POINT('',(0.129196205267872,-0.005,0.0867261954836449));
#1237=CARTESIAN_POINT('',(0.134196205267872,-0.005,0.147726195483645));
#1238=CARTESIAN_POINT('',(0.139196205267872,-0.005,0.147726195483645));
#1239=CARTESIAN_POINT('',(0.139196205267872,-0.005,0.117226195483645));
#1240=CARTESIAN_POINT('',(0.139196205267872,-0.005,0.0867261954836449));
#1241=CARTESIAN_POINT('',(0.134196205267872,-0.005,0.0867261954836449));
#1242=CARTESIAN_POINT('',(0.0116800539833985,0.,0.110388827232823));
#1243=CARTESIAN_POINT('',(-0.136397927999496,0.,0.0597164519131184));
#1244=CARTESIAN_POINT('',(-0.12931952907292,0.,0.119232698723064));
#1245=CARTESIAN_POINT('',(-0.131276137627527,0.,8.96065392772865E-18));
#1246=CARTESIAN_POINT('',(-0.111255706765493,0.,0.143915416122056));
#1247=CARTESIAN_POINT('',(-0.093191884458065,0.,0.168598133521048));
#1248=CARTESIAN_POINT('',(-0.0465959422290325,0.,0.174079641699791));
#1249=CARTESIAN_POINT('',(-6.93889390390723E-17,0.,0.179561149878534));
#1250=CARTESIAN_POINT('',(0.0359040577709675,0.,0.174079641699791));
#1251=CARTESIAN_POINT('',(0.071808115541935,0.,0.168598133521048));
#1252=CARTESIAN_POINT('',(0.11213384648643,0.,0.130804009781179));
#1253=CARTESIAN_POINT('',(0.165283250809369,0.,0.115648113714329));
#1254=CARTESIAN_POINT('',(0.158957202617984,0.,0.0552419317592123));
#1255=CARTESIAN_POINT('',(0.1842011064291,0.,-2.08166817117217E-17));
#1256=CARTESIAN_POINT('',(-0.0106918844580649,0.,-1.75784779171631E-17));
#1257=CARTESIAN_POINT('',(-0.0782806902791091,0.,0.110152021766338));
#1258=CARTESIAN_POINT('',(-0.0808124626114769,0.,0.110902021766341));
#1259=CARTESIAN_POINT('',(-0.0823595962727954,0.,0.112047247121929));
#1260=CARTESIAN_POINT('',(-0.0829819825403894,0.,0.115726492083897));
#1261=CARTESIAN_POINT('',(-0.083312462611485,0.,0.118706396981487));
#1262=CARTESIAN_POINT('',(-0.0782806902790929,0.,0.110152021766338));
#1263=CARTESIAN_POINT('',(-0.083312462611485,0.,0.118706396981487));
#1264=CARTESIAN_POINT('',(-0.0883442349438447,0.,0.110152021766338));
#1265=CARTESIAN_POINT('',(-0.0858124626114769,0.,0.110902021766341));
#1266=CARTESIAN_POINT('',(-0.0842653289501584,0.,0.112047247121929));
#1267=CARTESIAN_POINT('',(-0.0836429426825645,0.,0.115726492083897));
#1268=CARTESIAN_POINT('',(-0.0833124626114688,0.,0.118706396981487));
#1269=CARTESIAN_POINT('',(-0.0883442349438447,0.,0.110152021766344));
#1270=CARTESIAN_POINT('',(-0.0883442349438447,0.,0.110152021766344));
#1271=CARTESIAN_POINT('',(-0.0858124626114769,0.,0.109402021766341));
#1272=CARTESIAN_POINT('',(-0.0842653289501584,0.,0.108256796410753));
#1273=CARTESIAN_POINT('',(-0.0836429426825645,0.,0.104577551448784));
#1274=CARTESIAN_POINT('',(-0.0833124626114688,0.,0.101597646551195));
#1275=CARTESIAN_POINT('',(-0.0833124626114688,0.,0.10159764655119));
#1276=CARTESIAN_POINT('',(-0.0782806902790929,0.,0.110152021766338));
#1277=CARTESIAN_POINT('',(-0.0808124626114607,0.,0.109402021766336));
#1278=CARTESIAN_POINT('',(-0.0823595962727792,0.,0.108256796410748));
#1279=CARTESIAN_POINT('',(-0.0829819825403732,0.,0.104577551448779));
#1280=CARTESIAN_POINT('',(-0.0833124626114688,0.,0.10159764655119));
#1281=CARTESIAN_POINT('',(-0.0580742238300741,0.,0.0417268523236243));
#1282=CARTESIAN_POINT('',(-0.060605996162442,0.,0.0424768523236269));
#1283=CARTESIAN_POINT('',(-0.0621531298237604,0.,0.0436220776792149));
#1284=CARTESIAN_POINT('',(-0.0627755160913544,0.,0.0473013226411834));
#1285=CARTESIAN_POINT('',(-0.0631059961624501,0.,0.0502812275387727));
#1286=CARTESIAN_POINT('',(-0.058074223830058,0.,0.0417268523236243));
#1287=CARTESIAN_POINT('',(-0.0631059961624501,0.,0.0502812275387727));
#1288=CARTESIAN_POINT('',(-0.0681377684948098,0.,0.0417268523236243));
#1289=CARTESIAN_POINT('',(-0.065605996162442,0.,0.0424768523236269));
#1290=CARTESIAN_POINT('',(-0.0640588625011235,0.,0.0436220776792149));
#1291=CARTESIAN_POINT('',(-0.0634364762335295,0.,0.0473013226411834));
#1292=CARTESIAN_POINT('',(-0.0631059961624339,0.,0.0502812275387727));
#1293=CARTESIAN_POINT('',(-0.0681377684948098,0.,0.0417268523236296));
#1294=CARTESIAN_POINT('',(-0.0681377684948098,0.,0.0417268523236296));
#1295=CARTESIAN_POINT('',(-0.065605996162442,0.,0.0409768523236269));
#1296=CARTESIAN_POINT('',(-0.0640588625011235,0.,0.039831626968039));
#1297=CARTESIAN_POINT('',(-0.0634364762335295,0.,0.0361523820060703));
#1298=CARTESIAN_POINT('',(-0.0631059961624339,0.,0.0331724771084812));
#1299=CARTESIAN_POINT('',(-0.0631059961624339,0.,0.0331724771084759));
#1300=CARTESIAN_POINT('',(-0.058074223830058,0.,0.0417268523236243));
#1301=CARTESIAN_POINT('',(-0.0606059961624258,0.,0.0409768523236217));
#1302=CARTESIAN_POINT('',(-0.0621531298237443,0.,0.0398316269680337));
#1303=CARTESIAN_POINT('',(-0.0627755160913382,0.,0.0361523820060651));
#1304=CARTESIAN_POINT('',(-0.0631059961624339,0.,0.0331724771084759));
#1305=CARTESIAN_POINT('',(0.0450317723323598,0.,0.132065882762302));
#1306=CARTESIAN_POINT('',(0.042499999999992,0.,0.132815882762305));
#1307=CARTESIAN_POINT('',(0.0409528663386735,0.,0.133961108117893));
#1308=CARTESIAN_POINT('',(0.0403304800710795,0.,0.137640353079861));
#1309=CARTESIAN_POINT('',(0.0399999999999838,0.,0.140620257977451));
#1310=CARTESIAN_POINT('',(0.0450317723323759,0.,0.132065882762302));
#1311=CARTESIAN_POINT('',(0.0399999999999838,0.,0.140620257977451));
#1312=CARTESIAN_POINT('',(0.0349682276676241,0.,0.132065882762302));
#1313=CARTESIAN_POINT('',(0.0374999999999919,0.,0.132815882762305));
#1314=CARTESIAN_POINT('',(0.0390471336613104,0.,0.133961108117893));
#1315=CARTESIAN_POINT('',(0.0396695199289044,0.,0.137640353079861));
#1316=CARTESIAN_POINT('',(0.04,0.,0.140620257977451));
#1317=CARTESIAN_POINT('',(0.0349682276676241,0.,0.132065882762308));
#1318=CARTESIAN_POINT('',(0.0349682276676241,0.,0.132065882762308));
#1319=CARTESIAN_POINT('',(0.0374999999999919,0.,0.131315882762305));
#1320=CARTESIAN_POINT('',(0.0390471336613104,0.,0.130170657406717));
#1321=CARTESIAN_POINT('',(0.0396695199289044,0.,0.126491412444748));
#1322=CARTESIAN_POINT('',(0.04,0.,0.123511507547159));
#1323=CARTESIAN_POINT('',(0.04,0.,0.123511507547154));
#1324=CARTESIAN_POINT('',(0.0450317723323759,0.,0.132065882762302));
#1325=CARTESIAN_POINT('',(0.0425000000000081,0.,0.1313158827623));
#1326=CARTESIAN_POINT('',(0.0409528663386897,0.,0.130170657406712));
#1327=CARTESIAN_POINT('',(0.0403304800710957,0.,0.126491412444743));
#1328=CARTESIAN_POINT('',(0.04,0.,0.123511507547154));
#1329=CARTESIAN_POINT('',(-0.020808623243107,0.,0.109767444770364));
#1330=CARTESIAN_POINT('',(-0.0233403955754748,0.,0.110517444770367));
#1331=CARTESIAN_POINT('',(-0.0248875292367933,0.,0.111662670125955));
#1332=CARTESIAN_POINT('',(-0.0255099155043873,0.,0.115341915087923));
#1333=CARTESIAN_POINT('',(-0.0258403955754829,0.,0.118321819985512));
#1334=CARTESIAN_POINT('',(-0.0208086232430908,0.,0.109767444770364));
#1335=CARTESIAN_POINT('',(-0.0258403955754829,0.,0.118321819985512));
#1336=CARTESIAN_POINT('',(-0.0308721679078426,0.,0.109767444770364));
#1337=CARTESIAN_POINT('',(-0.0283403955754748,0.,0.110517444770367));
#1338=CARTESIAN_POINT('',(-0.0267932619141563,0.,0.111662670125955));
#1339=CARTESIAN_POINT('',(-0.0261708756465624,0.,0.115341915087923));
#1340=CARTESIAN_POINT('',(-0.0258403955754667,0.,0.118321819985512));
#1341=CARTESIAN_POINT('',(-0.0308721679078426,0.,0.109767444770369));
#1342=CARTESIAN_POINT('',(-0.0308721679078426,0.,0.109767444770369));
#1343=CARTESIAN_POINT('',(-0.0283403955754748,0.,0.109017444770367));
#1344=CARTESIAN_POINT('',(-0.0267932619141564,0.,0.107872219414779));
#1345=CARTESIAN_POINT('',(-0.0261708756465624,0.,0.10419297445281));
#1346=CARTESIAN_POINT('',(-0.0258403955754667,0.,0.101213069555221));
#1347=CARTESIAN_POINT('',(-0.0258403955754667,0.,0.101213069555216));
#1348=CARTESIAN_POINT('',(-0.0208086232430908,0.,0.109767444770364));
#1349=CARTESIAN_POINT('',(-0.0233403955754586,0.,0.109017444770361));
#1350=CARTESIAN_POINT('',(-0.0248875292367771,0.,0.107872219414773));
#1351=CARTESIAN_POINT('',(-0.025509915504371,0.,0.104192974452805));
#1352=CARTESIAN_POINT('',(-0.0258403955754667,0.,0.101213069555216));
#1353=CARTESIAN_POINT('',(0.0100635446647195,0.,0.0666042789028695));
#1354=CARTESIAN_POINT('',(0.00753177233235165,0.,0.0673542789028722));
#1355=CARTESIAN_POINT('',(0.00598463867103317,0.,0.0684995042584601));
#1356=CARTESIAN_POINT('',(0.0053622524034392,0.,0.0721787492204287));
#1357=CARTESIAN_POINT('',(0.00503177233234356,0.,0.075158654118018));
#1358=CARTESIAN_POINT('',(0.0100635446647356,0.,0.0666042789028695));
#1359=CARTESIAN_POINT('',(0.00503177233234356,0.,0.075158654118018));
#1360=CARTESIAN_POINT('',(-1.61676227961039E-14,0.,0.0666042789028695));
#1361=CARTESIAN_POINT('',(0.00253177233235165,0.,0.0673542789028722));
#1362=CARTESIAN_POINT('',(0.00407890599367013,0.,0.0684995042584601));
#1363=CARTESIAN_POINT('',(0.0047012922612641,0.,0.0721787492204286));
#1364=CARTESIAN_POINT('',(0.00503177233235974,0.,0.075158654118018));
#1365=CARTESIAN_POINT('',(-1.61676227961039E-14,0.,0.0666042789028748));
#1366=CARTESIAN_POINT('',(-1.61676227961039E-14,0.,0.0666042789028748));
#1367=CARTESIAN_POINT('',(0.00253177233235165,0.,0.0658542789028722));
#1368=CARTESIAN_POINT('',(0.00407890599367012,0.,0.0647090535472843));
#1369=CARTESIAN_POINT('',(0.00470129226126412,0.,0.0610298085853156));
#1370=CARTESIAN_POINT('',(0.00503177233235974,0.,0.0580499036877264));
#1371=CARTESIAN_POINT('',(0.00503177233235973,0.,0.0580499036877211));
#1372=CARTESIAN_POINT('',(0.0100635446647356,0.,0.0666042789028695));
#1373=CARTESIAN_POINT('',(0.00753177233236782,0.,0.0658542789028668));
#1374=CARTESIAN_POINT('',(0.00598463867104936,0.,0.0647090535472789));
#1375=CARTESIAN_POINT('',(0.00536225240345538,0.,0.0610298085853104));
#1376=CARTESIAN_POINT('',(0.00503177233235973,0.,0.0580499036877211));
#1377=CARTESIAN_POINT('',(0.0633550687922847,0.,0.0275311801726159));
#1378=CARTESIAN_POINT('',(0.0608232964599169,0.,0.0282811801726186));
#1379=CARTESIAN_POINT('',(0.0592761627985984,0.,0.0294264055282065));
#1380=CARTESIAN_POINT('',(0.0586537765310044,0.,0.033105650490175));
#1381=CARTESIAN_POINT('',(0.0583232964599088,0.,0.0360855553877644));
#1382=CARTESIAN_POINT('',(0.0633550687923009,0.,0.0275311801726159));
#1383=CARTESIAN_POINT('',(0.0583232964599088,0.,0.0360855553877644));
#1384=CARTESIAN_POINT('',(0.0532915241275491,0.,0.0275311801726159));
#1385=CARTESIAN_POINT('',(0.0558232964599169,0.,0.0282811801726186));
#1386=CARTESIAN_POINT('',(0.0573704301212354,0.,0.0294264055282065));
#1387=CARTESIAN_POINT('',(0.0579928163888293,0.,0.033105650490175));
#1388=CARTESIAN_POINT('',(0.058323296459925,0.,0.0360855553877644));
#1389=CARTESIAN_POINT('',(0.0532915241275491,0.,0.0275311801726212));
#1390=CARTESIAN_POINT('',(0.0532915241275491,0.,0.0275311801726212));
#1391=CARTESIAN_POINT('',(0.0558232964599169,0.,0.0267811801726185));
#1392=CARTESIAN_POINT('',(0.0573704301212354,0.,0.0256359548170307));
#1393=CARTESIAN_POINT('',(0.0579928163888294,0.,0.021956709855062));
#1394=CARTESIAN_POINT('',(0.058323296459925,0.,0.0189768049574728));
#1395=CARTESIAN_POINT('',(0.058323296459925,0.,0.0189768049574674));
#1396=CARTESIAN_POINT('',(0.0633550687923009,0.,0.0275311801726159));
#1397=CARTESIAN_POINT('',(0.0608232964599331,0.,0.0267811801726132));
#1398=CARTESIAN_POINT('',(0.0592761627986146,0.,0.0256359548170253));
#1399=CARTESIAN_POINT('',(0.0586537765310206,0.,0.0219567098550568));
#1400=CARTESIAN_POINT('',(0.058323296459925,0.,0.0189768049574674));
#1401=CARTESIAN_POINT('',(-0.0309682276676402,0.,0.159550201155956));
#1402=CARTESIAN_POINT('',(-0.0335000000000081,0.,0.160300201155958));
#1403=CARTESIAN_POINT('',(-0.0350471336613266,0.,0.161445426511546));
#1404=CARTESIAN_POINT('',(-0.0356695199289206,0.,0.165124671473515));
#1405=CARTESIAN_POINT('',(-0.0360000000000161,0.,0.168104576371104));
#1406=CARTESIAN_POINT('',(-0.0309682276676241,0.,0.159550201155956));
#1407=CARTESIAN_POINT('',(-0.0360000000000161,-2.77555756156289E-17,0.168104576371104));
#1408=CARTESIAN_POINT('',(-0.0410317723323759,0.,0.159550201155956));
#1409=CARTESIAN_POINT('',(-0.0385000000000081,0.,0.160300201155958));
#1410=CARTESIAN_POINT('',(-0.0369528663386896,0.,0.161445426511546));
#1411=CARTESIAN_POINT('',(-0.0363304800710956,0.,0.165124671473515));
#1412=CARTESIAN_POINT('',(-0.036,0.,0.168104576371104));
#1413=CARTESIAN_POINT('',(-0.0410317723323759,0.,0.15955020115596));
#1414=CARTESIAN_POINT('',(-0.0410317723323759,0.,0.15955020115596));
#1415=CARTESIAN_POINT('',(-0.0385000000000081,0.,0.158800201155958));
#1416=CARTESIAN_POINT('',(-0.0369528663386896,0.,0.15765497580037));
#1417=CARTESIAN_POINT('',(-0.0363304800710956,0.,0.153975730838401));
#1418=CARTESIAN_POINT('',(-0.036,0.,0.150995825940812));
#1419=CARTESIAN_POINT('',(-0.036,0.,0.150995825940807));
#1420=CARTESIAN_POINT('',(-0.0309682276676241,0.,0.159550201155956));
#1421=CARTESIAN_POINT('',(-0.0334999999999919,0.,0.158800201155953));
#1422=CARTESIAN_POINT('',(-0.0350471336613104,0.,0.157654975800364));
#1423=CARTESIAN_POINT('',(-0.0356695199289044,0.,0.153975730838396));
#1424=CARTESIAN_POINT('',(-0.036,0.,0.150995825940807));
#1425=CARTESIAN_POINT('',(-0.121904951851375,0.,0.0566344514019539));
#1426=CARTESIAN_POINT('',(-0.124436724183743,0.,0.0573844514019566));
#1427=CARTESIAN_POINT('',(-0.125983857845062,0.,0.0585296767575445));
#1428=CARTESIAN_POINT('',(-0.126606244112656,0.,0.0622089217195131));
#1429=CARTESIAN_POINT('',(-0.126936724183751,0.,0.0651888266171024));
#1430=CARTESIAN_POINT('',(-0.121904951851359,0.,0.0566344514019539));
#1431=CARTESIAN_POINT('',(-0.126936724183751,0.,0.0651888266171024));
#1432=CARTESIAN_POINT('',(-0.131968496516111,0.,0.0566344514019539));
#1433=CARTESIAN_POINT('',(-0.129436724183743,0.,0.0573844514019566));
#1434=CARTESIAN_POINT('',(-0.127889590522425,0.,0.0585296767575445));
#1435=CARTESIAN_POINT('',(-0.127267204254831,0.,0.0622089217195131));
#1436=CARTESIAN_POINT('',(-0.126936724183735,0.,0.0651888266171024));
#1437=CARTESIAN_POINT('',(-0.131968496516111,0.,0.0566344514019592));
#1438=CARTESIAN_POINT('',(-0.131968496516111,0.,0.0566344514019592));
#1439=CARTESIAN_POINT('',(-0.129436724183743,0.,0.0558844514019566));
#1440=CARTESIAN_POINT('',(-0.127889590522425,0.,0.0547392260463687));
#1441=CARTESIAN_POINT('',(-0.127267204254831,0.,0.0510599810844));
#1442=CARTESIAN_POINT('',(-0.126936724183735,0.,0.0480800761868108));
#1443=CARTESIAN_POINT('',(-0.126936724183735,0.,0.0480800761868055));
#1444=CARTESIAN_POINT('',(-0.121904951851359,0.,0.0566344514019539));
#1445=CARTESIAN_POINT('',(-0.124436724183727,0.,0.0558844514019513));
#1446=CARTESIAN_POINT('',(-0.125983857845045,0.,0.0547392260463633));
#1447=CARTESIAN_POINT('',(-0.126606244112639,0.,0.0510599810843948));
#1448=CARTESIAN_POINT('',(-0.126936724183735,0.,0.0480800761868055));
#1449=CARTESIAN_POINT('',(0.0116800539833985,0.,0.147726195483645));
#1450=CARTESIAN_POINT('',(0.129196205267872,0.,0.147726195483645));
#1451=CARTESIAN_POINT('',(0.139196205267872,0.,0.147726195483645));
#1452=CARTESIAN_POINT('',(0.129196205267872,0.,0.110388827232823));
#1453=CARTESIAN_POINT('',(0.129196205267872,0.,0.0867261954836449));
#1454=CARTESIAN_POINT('',(0.0116800539833985,0.,0.0867261954836449));
#1455=CARTESIAN_POINT('',(0.139196205267872,0.,0.0867261954836449));
#1456=CARTESIAN_POINT('',(0.139196205267872,0.,0.110388827232823));
#1457=CARTESIAN_POINT('',(-0.136397927999496,-0.005,0.0597164519131184));
#1458=CARTESIAN_POINT('',(-0.131276137627527,-0.005,8.96065392772865E-18));
#1459=CARTESIAN_POINT('',(-0.12931952907292,-0.005,0.119232698723064));
#1460=CARTESIAN_POINT('',(-0.0106918844580649,-0.005,-1.75784779171631E-17));
#1461=CARTESIAN_POINT('',(0.1842011064291,-0.005,-2.08166817117217E-17));
#1462=CARTESIAN_POINT('',(0.158957202617984,-0.005,0.0552419317592123));
#1463=CARTESIAN_POINT('',(0.165283250809369,-0.005,0.115648113714329));
#1464=CARTESIAN_POINT('',(0.11213384648643,-0.005,0.130804009781179));
#1465=CARTESIAN_POINT('',(0.071808115541935,-0.005,0.168598133521048));
#1466=CARTESIAN_POINT('',(0.0359040577709675,-0.005,0.174079641699791));
#1467=CARTESIAN_POINT('',(-6.93889390390723E-17,-0.005,0.179561149878534));
#1468=CARTESIAN_POINT('',(-0.0465959422290325,-0.005,0.174079641699791));
#1469=CARTESIAN_POINT('',(-0.093191884458065,-0.005,0.168598133521048));
#1470=CARTESIAN_POINT('',(-0.111255706765493,-0.005,0.143915416122056));
#1471=CARTESIAN_POINT('',(-0.0883442349438447,-0.00499999999999998,0.110152021766338));
#1472=CARTESIAN_POINT('',(-0.0883442349438447,0.,0.110152021766338));
#1473=CARTESIAN_POINT('',(-0.0869496054159564,-0.00499999999999998,0.110565160077611));
#1474=CARTESIAN_POINT('',(-0.0869496054159564,0.,0.110565160077611));
#1475=CARTESIAN_POINT('',(-0.0852787478662452,-0.00499999999999998,0.111248296334959));
#1476=CARTESIAN_POINT('',(-0.0852787478662452,0.,0.111248296334959));
#1477=CARTESIAN_POINT('',(-0.0844112866903783,-0.00499999999999998,0.112628626691357));
#1478=CARTESIAN_POINT('',(-0.0844112866903783,-2.60208521396521E-18,0.112628626691357));
#1479=CARTESIAN_POINT('',(-0.0837656416401428,-0.00499999999999998,0.11502292468567));
#1480=CARTESIAN_POINT('',(-0.0837656416401428,-8.67361737988404E-19,0.11502292468567));
#1481=CARTESIAN_POINT('',(-0.0834637378733162,-0.00499999999999998,0.117342363464523));
#1482=CARTESIAN_POINT('',(-0.0834637378733162,0.,0.117342363464523));
#1483=CARTESIAN_POINT('',(-0.0833124626114688,-0.00499999999999998,0.118706396981487));
#1484=CARTESIAN_POINT('',(-0.0833124626114688,0.,0.118706396981487));
#1485=CARTESIAN_POINT('',(-0.0883442349438447,-0.16,0.110152021766344));
#1486=CARTESIAN_POINT('',(-0.083312462611485,-0.16,0.118706396981487));
#1487=CARTESIAN_POINT('',(-0.0883442349438447,-0.00499999999999998,0.110152021766344));
#1488=CARTESIAN_POINT('',(-0.0883442349438447,0.,0.110152021766344));
#1489=CARTESIAN_POINT('',(-0.0869496054159564,-0.00499999999999998,0.109738883455071));
#1490=CARTESIAN_POINT('',(-0.0869496054159564,0.,0.109738883455071));
#1491=CARTESIAN_POINT('',(-0.0852787478662452,-0.00499999999999998,0.109055747197723));
#1492=CARTESIAN_POINT('',(-0.0852787478662452,0.,0.109055747197723));
#1493=CARTESIAN_POINT('',(-0.0844112866903783,-0.00499999999999998,0.107675416841325));
#1494=CARTESIAN_POINT('',(-0.0844112866903783,-2.60208521396521E-18,0.107675416841325));
#1495=CARTESIAN_POINT('',(-0.0837656416401428,-0.00499999999999998,0.105281118847012));
#1496=CARTESIAN_POINT('',(-0.0837656416401428,-8.67361737988404E-19,0.105281118847012));
#1497=CARTESIAN_POINT('',(-0.0834637378733162,-0.00499999999999998,0.102961680068159));
#1498=CARTESIAN_POINT('',(-0.0834637378733162,0.,0.102961680068159));
#1499=CARTESIAN_POINT('',(-0.0833124626114688,-0.00499999999999998,0.101597646551195));
#1500=CARTESIAN_POINT('',(-0.0833124626114688,0.,0.101597646551195));
#1501=CARTESIAN_POINT('',(-0.0833124626114688,-0.16,0.10159764655119));
#1502=CARTESIAN_POINT('',(-0.0782806902790929,-0.00499999999999998,0.110152021766338));
#1503=CARTESIAN_POINT('',(-0.0782806902790929,0.,0.110152021766338));
#1504=CARTESIAN_POINT('',(-0.0796753198069812,-0.00499999999999998,0.109738883455066));
#1505=CARTESIAN_POINT('',(-0.0796753198069812,0.,0.109738883455066));
#1506=CARTESIAN_POINT('',(-0.0813461773566924,-0.00499999999999998,0.109055747197718));
#1507=CARTESIAN_POINT('',(-0.0813461773566924,0.,0.109055747197718));
#1508=CARTESIAN_POINT('',(-0.0822136385325593,-0.00499999999999998,0.10767541684132));
#1509=CARTESIAN_POINT('',(-0.0822136385325593,-2.60208521396521E-18,0.10767541684132));
#1510=CARTESIAN_POINT('',(-0.0828592835827949,-0.00499999999999998,0.105281118847007));
#1511=CARTESIAN_POINT('',(-0.0828592835827949,-8.67361737988404E-19,0.105281118847007));
#1512=CARTESIAN_POINT('',(-0.0831611873496215,-0.00499999999999998,0.102961680068154));
#1513=CARTESIAN_POINT('',(-0.0831611873496215,0.,0.102961680068154));
#1514=CARTESIAN_POINT('',(-0.0833124626114688,-0.00499999999999998,0.10159764655119));
#1515=CARTESIAN_POINT('',(-0.0833124626114688,0.,0.10159764655119));
#1516=CARTESIAN_POINT('',(-0.0782806902790929,-0.16,0.110152021766338));
#1517=CARTESIAN_POINT('',(-0.0782806902791091,-0.00500000000000003,0.110152021766338));
#1518=CARTESIAN_POINT('',(-0.0782806902791091,0.,0.110152021766338));
#1519=CARTESIAN_POINT('',(-0.0796753198069974,-0.00500000000000003,0.110565160077611));
#1520=CARTESIAN_POINT('',(-0.0796753198069974,0.,0.110565160077611));
#1521=CARTESIAN_POINT('',(-0.0813461773567086,-0.00500000000000003,0.111248296334959));
#1522=CARTESIAN_POINT('',(-0.0813461773567086,-8.67361737988404E-19,0.111248296334959));
#1523=CARTESIAN_POINT('',(-0.0822136385325755,-0.00500000000000003,0.112628626691357));
#1524=CARTESIAN_POINT('',(-0.0822136385325755,-8.67361737988404E-19,0.112628626691357));
#1525=CARTESIAN_POINT('',(-0.0828592835828111,-0.00500000000000003,0.11502292468567));
#1526=CARTESIAN_POINT('',(-0.0828592835828111,0.,0.11502292468567));
#1527=CARTESIAN_POINT('',(-0.0831611873496376,-0.00500000000000003,0.117342363464523));
#1528=CARTESIAN_POINT('',(-0.0831611873496376,0.,0.117342363464523));
#1529=CARTESIAN_POINT('',(-0.083312462611485,-0.00500000000000003,0.118706396981487));
#1530=CARTESIAN_POINT('',(-0.083312462611485,0.,0.118706396981487));
#1531=CARTESIAN_POINT('',(-0.0681377684948098,-0.005,0.0417268523236243));
#1532=CARTESIAN_POINT('',(-0.0681377684948098,0.,0.0417268523236243));
#1533=CARTESIAN_POINT('',(-0.0667431389669215,-0.005,0.0421399906348964));
#1534=CARTESIAN_POINT('',(-0.0667431389669215,0.,0.0421399906348964));
#1535=CARTESIAN_POINT('',(-0.0650722814172103,-0.005,0.0428231268922448));
#1536=CARTESIAN_POINT('',(-0.0650722814172103,0.,0.0428231268922448));
#1537=CARTESIAN_POINT('',(-0.0642048202413434,-0.00500000000000001,0.0442034572486429));
#1538=CARTESIAN_POINT('',(-0.0642048202413434,-8.67361737988404E-19,0.0442034572486429));
#1539=CARTESIAN_POINT('',(-0.0635591751911078,-0.00500000000000001,0.0465977552429555));
#1540=CARTESIAN_POINT('',(-0.0635591751911078,-8.67361737988404E-19,0.0465977552429555));
#1541=CARTESIAN_POINT('',(-0.0632572714242812,-0.005,0.0489171940218089));
#1542=CARTESIAN_POINT('',(-0.0632572714242812,0.,0.0489171940218089));
#1543=CARTESIAN_POINT('',(-0.0631059961624339,-0.005,0.0502812275387727));
#1544=CARTESIAN_POINT('',(-0.0631059961624339,0.,0.0502812275387727));
#1545=CARTESIAN_POINT('',(-0.0681377684948098,-0.16,0.0417268523236296));
#1546=CARTESIAN_POINT('',(-0.0631059961624501,-0.16,0.0502812275387727));
#1547=CARTESIAN_POINT('',(-0.0681377684948098,-0.005,0.0417268523236296));
#1548=CARTESIAN_POINT('',(-0.0681377684948098,0.,0.0417268523236296));
#1549=CARTESIAN_POINT('',(-0.0667431389669215,-0.005,0.0413137140123575));
#1550=CARTESIAN_POINT('',(-0.0667431389669215,0.,0.0413137140123575));
#1551=CARTESIAN_POINT('',(-0.0650722814172103,-0.005,0.0406305777550091));
#1552=CARTESIAN_POINT('',(-0.0650722814172103,0.,0.0406305777550091));
#1553=CARTESIAN_POINT('',(-0.0642048202413434,-0.00500000000000001,0.039250247398611));
#1554=CARTESIAN_POINT('',(-0.0642048202413434,-8.67361737988404E-19,0.039250247398611));
#1555=CARTESIAN_POINT('',(-0.0635591751911078,-0.00500000000000001,0.0368559494042983));
#1556=CARTESIAN_POINT('',(-0.0635591751911078,-8.67361737988404E-19,0.0368559494042983));
#1557=CARTESIAN_POINT('',(-0.0632572714242812,-0.005,0.0345365106254449));
#1558=CARTESIAN_POINT('',(-0.0632572714242812,0.,0.0345365106254449));
#1559=CARTESIAN_POINT('',(-0.0631059961624339,-0.005,0.0331724771084812));
#1560=CARTESIAN_POINT('',(-0.0631059961624339,0.,0.0331724771084812));
#1561=CARTESIAN_POINT('',(-0.0631059961624339,-0.16,0.0331724771084759));
#1562=CARTESIAN_POINT('',(-0.058074223830058,-0.005,0.0417268523236243));
#1563=CARTESIAN_POINT('',(-0.058074223830058,0.,0.0417268523236243));
#1564=CARTESIAN_POINT('',(-0.0594688533579463,-0.005,0.0413137140123522));
#1565=CARTESIAN_POINT('',(-0.0594688533579463,0.,0.0413137140123522));
#1566=CARTESIAN_POINT('',(-0.0611397109076575,-0.005,0.0406305777550038));
#1567=CARTESIAN_POINT('',(-0.0611397109076575,0.,0.0406305777550038));
#1568=CARTESIAN_POINT('',(-0.0620071720835244,-0.00500000000000001,0.0392502473986057));
#1569=CARTESIAN_POINT('',(-0.0620071720835244,-8.67361737988404E-19,0.0392502473986057));
#1570=CARTESIAN_POINT('',(-0.0626528171337599,-0.00500000000000001,0.036855949404293));
#1571=CARTESIAN_POINT('',(-0.0626528171337599,-8.67361737988404E-19,0.036855949404293));
#1572=CARTESIAN_POINT('',(-0.0629547209005865,-0.005,0.0345365106254397));
#1573=CARTESIAN_POINT('',(-0.0629547209005865,0.,0.0345365106254397));
#1574=CARTESIAN_POINT('',(-0.0631059961624339,-0.005,0.0331724771084759));
#1575=CARTESIAN_POINT('',(-0.0631059961624339,0.,0.0331724771084759));
#1576=CARTESIAN_POINT('',(-0.058074223830058,-0.16,0.0417268523236243));
#1577=CARTESIAN_POINT('',(-0.0580742238300741,-0.005,0.0417268523236243));
#1578=CARTESIAN_POINT('',(-0.0580742238300741,0.,0.0417268523236243));
#1579=CARTESIAN_POINT('',(-0.0594688533579625,-0.005,0.0421399906348964));
#1580=CARTESIAN_POINT('',(-0.0594688533579625,0.,0.0421399906348964));
#1581=CARTESIAN_POINT('',(-0.0611397109076737,-0.005,0.0428231268922448));
#1582=CARTESIAN_POINT('',(-0.0611397109076737,0.,0.0428231268922448));
#1583=CARTESIAN_POINT('',(-0.0620071720835405,-0.00500000000000001,0.0442034572486429));
#1584=CARTESIAN_POINT('',(-0.0620071720835405,-8.67361737988404E-19,0.0442034572486429));
#1585=CARTESIAN_POINT('',(-0.0626528171337761,-0.00500000000000001,0.0465977552429555));
#1586=CARTESIAN_POINT('',(-0.0626528171337761,-8.67361737988404E-19,0.0465977552429555));
#1587=CARTESIAN_POINT('',(-0.0629547209006027,-0.005,0.0489171940218089));
#1588=CARTESIAN_POINT('',(-0.0629547209006027,0.,0.0489171940218089));
#1589=CARTESIAN_POINT('',(-0.0631059961624501,-0.005,0.0502812275387727));
#1590=CARTESIAN_POINT('',(-0.0631059961624501,0.,0.0502812275387727));
#1591=CARTESIAN_POINT('',(0.0349682276676241,-0.00499999999999998,0.132065882762302));
#1592=CARTESIAN_POINT('',(0.0349682276676241,0.,0.132065882762302));
#1593=CARTESIAN_POINT('',(0.0363628571955125,-0.00499999999999998,0.132479021073575));
#1594=CARTESIAN_POINT('',(0.0363628571955125,0.,0.132479021073575));
#1595=CARTESIAN_POINT('',(0.0380337147452237,-0.00499999999999998,0.133162157330923));
#1596=CARTESIAN_POINT('',(0.0380337147452237,0.,0.133162157330923));
#1597=CARTESIAN_POINT('',(0.0389011759210905,-0.00499999999999998,0.134542487687321));
#1598=CARTESIAN_POINT('',(0.0389011759210905,-2.60208521396521E-18,0.134542487687321));
#1599=CARTESIAN_POINT('',(0.0395468209713261,-0.00499999999999998,0.136936785681634));
#1600=CARTESIAN_POINT('',(0.0395468209713261,-8.67361737988404E-19,0.136936785681634));
#1601=CARTESIAN_POINT('',(0.0398487247381527,-0.00499999999999998,0.139256224460487));
#1602=CARTESIAN_POINT('',(0.0398487247381527,0.,0.139256224460487));
#1603=CARTESIAN_POINT('',(0.04,-0.00499999999999998,0.140620257977451));
#1604=CARTESIAN_POINT('',(0.04,0.,0.140620257977451));
#1605=CARTESIAN_POINT('',(0.0349682276676241,-0.16,0.132065882762308));
#1606=CARTESIAN_POINT('',(0.0399999999999838,-0.16,0.140620257977451));
#1607=CARTESIAN_POINT('',(0.0349682276676241,-0.00499999999999998,0.132065882762308));
#1608=CARTESIAN_POINT('',(0.0349682276676241,0.,0.132065882762308));
#1609=CARTESIAN_POINT('',(0.0363628571955125,-0.00499999999999998,0.131652744451036));
#1610=CARTESIAN_POINT('',(0.0363628571955125,0.,0.131652744451036));
#1611=CARTESIAN_POINT('',(0.0380337147452237,-0.00499999999999998,0.130969608193687));
#1612=CARTESIAN_POINT('',(0.0380337147452237,0.,0.130969608193687));
#1613=CARTESIAN_POINT('',(0.0389011759210905,-0.00499999999999998,0.129589277837289));
#1614=CARTESIAN_POINT('',(0.0389011759210905,-2.60208521396521E-18,0.129589277837289));
#1615=CARTESIAN_POINT('',(0.0395468209713261,-0.00499999999999998,0.127194979842976));
#1616=CARTESIAN_POINT('',(0.0395468209713261,-8.67361737988404E-19,0.127194979842976));
#1617=CARTESIAN_POINT('',(0.0398487247381527,-0.00499999999999998,0.124875541064123));
#1618=CARTESIAN_POINT('',(0.0398487247381527,0.,0.124875541064123));
#1619=CARTESIAN_POINT('',(0.04,-0.00499999999999998,0.123511507547159));
#1620=CARTESIAN_POINT('',(0.04,0.,0.123511507547159));
#1621=CARTESIAN_POINT('',(0.04,-0.16,0.123511507547154));
#1622=CARTESIAN_POINT('',(0.0450317723323759,-0.005,0.132065882762302));
#1623=CARTESIAN_POINT('',(0.0450317723323759,0.,0.132065882762302));
#1624=CARTESIAN_POINT('',(0.0436371428044875,-0.005,0.13165274445103));
#1625=CARTESIAN_POINT('',(0.0436371428044875,0.,0.13165274445103));
#1626=CARTESIAN_POINT('',(0.0419662852547764,-0.005,0.130969608193682));
#1627=CARTESIAN_POINT('',(0.0419662852547764,0.,0.130969608193682));
#1628=CARTESIAN_POINT('',(0.0410988240789095,-0.00500000000000001,0.129589277837284));
#1629=CARTESIAN_POINT('',(0.0410988240789095,-8.67361737988404E-19,0.129589277837284));
#1630=CARTESIAN_POINT('',(0.040453179028674,-0.00500000000000001,0.127194979842971));
#1631=CARTESIAN_POINT('',(0.040453179028674,-8.67361737988404E-19,0.127194979842971));
#1632=CARTESIAN_POINT('',(0.0401512752618474,-0.005,0.124875541064118));
#1633=CARTESIAN_POINT('',(0.0401512752618474,0.,0.124875541064118));
#1634=CARTESIAN_POINT('',(0.04,-0.005,0.123511507547154));
#1635=CARTESIAN_POINT('',(0.04,0.,0.123511507547154));
#1636=CARTESIAN_POINT('',(0.0450317723323759,-0.16,0.132065882762302));
#1637=CARTESIAN_POINT('',(0.0450317723323598,-0.005,0.132065882762302));
#1638=CARTESIAN_POINT('',(0.0450317723323598,0.,0.132065882762302));
#1639=CARTESIAN_POINT('',(0.0436371428044714,-0.005,0.132479021073575));
#1640=CARTESIAN_POINT('',(0.0436371428044714,0.,0.132479021073575));
#1641=CARTESIAN_POINT('',(0.0419662852547602,-0.005,0.133162157330923));
#1642=CARTESIAN_POINT('',(0.0419662852547602,0.,0.133162157330923));
#1643=CARTESIAN_POINT('',(0.0410988240788934,-0.00500000000000001,0.134542487687321));
#1644=CARTESIAN_POINT('',(0.0410988240788934,-8.67361737988404E-19,0.134542487687321));
#1645=CARTESIAN_POINT('',(0.0404531790286578,-0.00500000000000001,0.136936785681634));
#1646=CARTESIAN_POINT('',(0.0404531790286578,-8.67361737988404E-19,0.136936785681634));
#1647=CARTESIAN_POINT('',(0.0401512752618312,-0.005,0.139256224460487));
#1648=CARTESIAN_POINT('',(0.0401512752618312,0.,0.139256224460487));
#1649=CARTESIAN_POINT('',(0.0399999999999838,-0.005,0.140620257977451));
#1650=CARTESIAN_POINT('',(0.0399999999999838,0.,0.140620257977451));
#1651=CARTESIAN_POINT('',(-0.0308721679078426,-0.005,0.109767444770364));
#1652=CARTESIAN_POINT('',(-0.0308721679078426,0.,0.109767444770364));
#1653=CARTESIAN_POINT('',(-0.0294775383799542,-0.005,0.110180583081636));
#1654=CARTESIAN_POINT('',(-0.0294775383799542,0.,0.110180583081636));
#1655=CARTESIAN_POINT('',(-0.0278066808302431,-0.005,0.110863719338984));
#1656=CARTESIAN_POINT('',(-0.0278066808302431,0.,0.110863719338984));
#1657=CARTESIAN_POINT('',(-0.0269392196543762,-0.00500000000000001,0.112244049695383));
#1658=CARTESIAN_POINT('',(-0.0269392196543762,-8.67361737988404E-19,0.112244049695383));
#1659=CARTESIAN_POINT('',(-0.0262935746041407,-0.00500000000000001,0.114638347689695));
#1660=CARTESIAN_POINT('',(-0.0262935746041407,-8.67361737988404E-19,0.114638347689695));
#1661=CARTESIAN_POINT('',(-0.0259916708373141,-0.005,0.116957786468549));
#1662=CARTESIAN_POINT('',(-0.0259916708373141,0.,0.116957786468549));
#1663=CARTESIAN_POINT('',(-0.0258403955754667,-0.005,0.118321819985512));
#1664=CARTESIAN_POINT('',(-0.0258403955754667,0.,0.118321819985512));
#1665=CARTESIAN_POINT('',(-0.0308721679078426,-0.16,0.109767444770369));
#1666=CARTESIAN_POINT('',(-0.0258403955754829,-0.16,0.118321819985512));
#1667=CARTESIAN_POINT('',(-0.0308721679078426,-0.005,0.109767444770369));
#1668=CARTESIAN_POINT('',(-0.0308721679078426,0.,0.109767444770369));
#1669=CARTESIAN_POINT('',(-0.0294775383799542,-0.005,0.109354306459097));
#1670=CARTESIAN_POINT('',(-0.0294775383799542,0.,0.109354306459097));
#1671=CARTESIAN_POINT('',(-0.0278066808302431,-0.005,0.108671170201749));
#1672=CARTESIAN_POINT('',(-0.0278066808302431,0.,0.108671170201749));
#1673=CARTESIAN_POINT('',(-0.0269392196543762,-0.00500000000000001,0.107290839845351));
#1674=CARTESIAN_POINT('',(-0.0269392196543762,-8.67361737988404E-19,0.107290839845351));
#1675=CARTESIAN_POINT('',(-0.0262935746041407,-0.00500000000000001,0.104896541851038));
#1676=CARTESIAN_POINT('',(-0.0262935746041407,-8.67361737988404E-19,0.104896541851038));
#1677=CARTESIAN_POINT('',(-0.0259916708373141,-0.005,0.102577103072185));
#1678=CARTESIAN_POINT('',(-0.0259916708373141,0.,0.102577103072185));
#1679=CARTESIAN_POINT('',(-0.0258403955754667,-0.005,0.101213069555221));
#1680=CARTESIAN_POINT('',(-0.0258403955754667,0.,0.101213069555221));
#1681=CARTESIAN_POINT('',(-0.0258403955754667,-0.16,0.101213069555216));
#1682=CARTESIAN_POINT('',(-0.0208086232430908,-0.00499999999999998,0.109767444770364));
#1683=CARTESIAN_POINT('',(-0.0208086232430908,0.,0.109767444770364));
#1684=CARTESIAN_POINT('',(-0.0222032527709792,-0.00499999999999998,0.109354306459092));
#1685=CARTESIAN_POINT('',(-0.0222032527709792,0.,0.109354306459092));
#1686=CARTESIAN_POINT('',(-0.0238741103206903,-0.00499999999999998,0.108671170201744));
#1687=CARTESIAN_POINT('',(-0.0238741103206903,0.,0.108671170201744));
#1688=CARTESIAN_POINT('',(-0.0247415714965572,-0.00499999999999998,0.107290839845345));
#1689=CARTESIAN_POINT('',(-0.0247415714965572,-2.60208521396521E-18,0.107290839845345));
#1690=CARTESIAN_POINT('',(-0.0253872165467927,-0.00499999999999998,0.104896541851033));
#1691=CARTESIAN_POINT('',(-0.0253872165467927,-8.67361737988404E-19,0.104896541851033));
#1692=CARTESIAN_POINT('',(-0.0256891203136193,-0.00499999999999998,0.102577103072179));
#1693=CARTESIAN_POINT('',(-0.0256891203136193,0.,0.102577103072179));
#1694=CARTESIAN_POINT('',(-0.0258403955754667,-0.00499999999999998,0.101213069555216));
#1695=CARTESIAN_POINT('',(-0.0258403955754667,0.,0.101213069555216));
#1696=CARTESIAN_POINT('',(-0.0208086232430908,-0.16,0.109767444770364));
#1697=CARTESIAN_POINT('',(-0.020808623243107,-0.00499999999999998,0.109767444770364));
#1698=CARTESIAN_POINT('',(-0.020808623243107,0.,0.109767444770364));
#1699=CARTESIAN_POINT('',(-0.0222032527709954,-0.00499999999999998,0.110180583081636));
#1700=CARTESIAN_POINT('',(-0.0222032527709954,0.,0.110180583081636));
#1701=CARTESIAN_POINT('',(-0.0238741103207065,-0.00499999999999998,0.110863719338984));
#1702=CARTESIAN_POINT('',(-0.0238741103207065,0.,0.110863719338984));
#1703=CARTESIAN_POINT('',(-0.0247415714965734,-0.00499999999999998,0.112244049695383));
#1704=CARTESIAN_POINT('',(-0.0247415714965734,-2.60208521396521E-18,0.112244049695383));
#1705=CARTESIAN_POINT('',(-0.0253872165468089,-0.00499999999999998,0.114638347689695));
#1706=CARTESIAN_POINT('',(-0.0253872165468089,-8.67361737988404E-19,0.114638347689695));
#1707=CARTESIAN_POINT('',(-0.0256891203136355,-0.00499999999999998,0.116957786468549));
#1708=CARTESIAN_POINT('',(-0.0256891203136355,0.,0.116957786468549));
#1709=CARTESIAN_POINT('',(-0.0258403955754829,-0.00499999999999998,0.118321819985512));
#1710=CARTESIAN_POINT('',(-0.0258403955754829,0.,0.118321819985512));
#1711=CARTESIAN_POINT('',(-1.61676227961039E-14,-0.005,0.0666042789028695));
#1712=CARTESIAN_POINT('',(-1.61676227961039E-14,0.,0.0666042789028695));
#1713=CARTESIAN_POINT('',(0.00139462952787219,-0.005,0.0670174172141417));
#1714=CARTESIAN_POINT('',(0.00139462952787219,0.,0.0670174172141417));
#1715=CARTESIAN_POINT('',(0.00306548707758337,-0.005,0.06770055347149));
#1716=CARTESIAN_POINT('',(0.00306548707758337,0.,0.06770055347149));
#1717=CARTESIAN_POINT('',(0.00393294825345026,-0.00500000000000001,0.069080883827888));
#1718=CARTESIAN_POINT('',(0.00393294825345026,-8.67361737988404E-19,0.069080883827888));
#1719=CARTESIAN_POINT('',(0.00457859330368577,-0.00500000000000001,0.0714751818222008));
#1720=CARTESIAN_POINT('',(0.00457859330368577,-8.67361737988404E-19,0.0714751818222008));
#1721=CARTESIAN_POINT('',(0.00488049707051239,-0.005,0.0737946206010542));
#1722=CARTESIAN_POINT('',(0.00488049707051239,0.,0.0737946206010542));
#1723=CARTESIAN_POINT('',(0.00503177233235974,-0.005,0.075158654118018));
#1724=CARTESIAN_POINT('',(0.00503177233235974,0.,0.075158654118018));
#1725=CARTESIAN_POINT('',(-1.61676227961039E-14,-0.16,0.0666042789028748));
#1726=CARTESIAN_POINT('',(0.00503177233234356,-0.16,0.075158654118018));
#1727=CARTESIAN_POINT('',(-1.61676227961039E-14,-0.005,0.0666042789028748));
#1728=CARTESIAN_POINT('',(-1.61676227961039E-14,0.,0.0666042789028748));
#1729=CARTESIAN_POINT('',(0.0013946295278722,-0.005,0.0661911405916027));
#1730=CARTESIAN_POINT('',(0.0013946295278722,0.,0.0661911405916027));
#1731=CARTESIAN_POINT('',(0.00306548707758337,-0.005,0.0655080043342544));
#1732=CARTESIAN_POINT('',(0.00306548707758337,0.,0.0655080043342544));
#1733=CARTESIAN_POINT('',(0.00393294825345026,-0.00500000000000001,0.0641276739778563));
#1734=CARTESIAN_POINT('',(0.00393294825345026,-8.67361737988404E-19,0.0641276739778563));
#1735=CARTESIAN_POINT('',(0.00457859330368578,-0.00500000000000001,0.0617333759835435));
#1736=CARTESIAN_POINT('',(0.00457859330368578,-8.67361737988404E-19,0.0617333759835435));
#1737=CARTESIAN_POINT('',(0.0048804970705124,-0.005,0.0594139372046902));
#1738=CARTESIAN_POINT('',(0.0048804970705124,0.,0.0594139372046902));
#1739=CARTESIAN_POINT('',(0.00503177233235974,-0.005,0.0580499036877264));
#1740=CARTESIAN_POINT('',(0.00503177233235974,0.,0.0580499036877264));
#1741=CARTESIAN_POINT('',(0.00503177233235973,-0.16,0.0580499036877211));
#1742=CARTESIAN_POINT('',(0.0100635446647356,-0.005,0.0666042789028695));
#1743=CARTESIAN_POINT('',(0.0100635446647356,0.,0.0666042789028695));
#1744=CARTESIAN_POINT('',(0.00866891513684728,-0.005,0.0661911405915973));
#1745=CARTESIAN_POINT('',(0.00866891513684728,0.,0.0661911405915973));
#1746=CARTESIAN_POINT('',(0.00699805758713611,-0.005,0.065508004334249));
#1747=CARTESIAN_POINT('',(0.00699805758713611,0.,0.065508004334249));
#1748=CARTESIAN_POINT('',(0.00613059641126923,-0.00500000000000001,0.064127673977851));
#1749=CARTESIAN_POINT('',(0.00613059641126923,-8.67361737988404E-19,0.064127673977851));
#1750=CARTESIAN_POINT('',(0.00548495136103372,-0.00500000000000001,0.0617333759835383));
#1751=CARTESIAN_POINT('',(0.00548495136103372,-8.67361737988404E-19,0.0617333759835383));
#1752=CARTESIAN_POINT('',(0.00518304759420709,-0.005,0.0594139372046849));
#1753=CARTESIAN_POINT('',(0.00518304759420709,0.,0.0594139372046849));
#1754=CARTESIAN_POINT('',(0.00503177233235973,-0.005,0.0580499036877211));
#1755=CARTESIAN_POINT('',(0.00503177233235973,0.,0.0580499036877211));
#1756=CARTESIAN_POINT('',(0.0100635446647356,-0.16,0.0666042789028695));
#1757=CARTESIAN_POINT('',(0.0100635446647195,-0.005,0.0666042789028695));
#1758=CARTESIAN_POINT('',(0.0100635446647195,0.,0.0666042789028695));
#1759=CARTESIAN_POINT('',(0.0086689151368311,-0.005,0.0670174172141417));
#1760=CARTESIAN_POINT('',(0.0086689151368311,0.,0.0670174172141417));
#1761=CARTESIAN_POINT('',(0.00699805758711993,-0.005,0.06770055347149));
#1762=CARTESIAN_POINT('',(0.00699805758711993,0.,0.06770055347149));
#1763=CARTESIAN_POINT('',(0.00613059641125304,-0.00500000000000001,0.0690808838278881));
#1764=CARTESIAN_POINT('',(0.00613059641125304,-8.67361737988404E-19,0.0690808838278881));
#1765=CARTESIAN_POINT('',(0.00548495136101754,-0.00500000000000001,0.0714751818222008));
#1766=CARTESIAN_POINT('',(0.00548495136101754,-8.67361737988404E-19,0.0714751818222008));
#1767=CARTESIAN_POINT('',(0.00518304759419091,-0.005,0.0737946206010542));
#1768=CARTESIAN_POINT('',(0.00518304759419091,0.,0.0737946206010542));
#1769=CARTESIAN_POINT('',(0.00503177233234356,-0.005,0.075158654118018));
#1770=CARTESIAN_POINT('',(0.00503177233234356,0.,0.075158654118018));
#1771=CARTESIAN_POINT('',(0.0532915241275491,-0.005,0.0275311801726159));
#1772=CARTESIAN_POINT('',(0.0532915241275491,0.,0.0275311801726159));
#1773=CARTESIAN_POINT('',(0.0546861536554374,-0.005,0.027944318483888));
#1774=CARTESIAN_POINT('',(0.0546861536554374,0.,0.027944318483888));
#1775=CARTESIAN_POINT('',(0.0563570112051486,-0.005,0.0286274547412364));
#1776=CARTESIAN_POINT('',(0.0563570112051486,0.,0.0286274547412364));
#1777=CARTESIAN_POINT('',(0.0572244723810155,-0.00500000000000001,0.0300077850976345));
#1778=CARTESIAN_POINT('',(0.0572244723810155,-8.67361737988404E-19,0.0300077850976345));
#1779=CARTESIAN_POINT('',(0.057870117431251,-0.00500000000000001,0.0324020830919472));
#1780=CARTESIAN_POINT('',(0.057870117431251,-8.67361737988404E-19,0.0324020830919472));
#1781=CARTESIAN_POINT('',(0.0581720211980776,-0.005,0.0347215218708006));
#1782=CARTESIAN_POINT('',(0.0581720211980776,0.,0.0347215218708006));
#1783=CARTESIAN_POINT('',(0.058323296459925,-0.005,0.0360855553877644));
#1784=CARTESIAN_POINT('',(0.058323296459925,0.,0.0360855553877644));
#1785=CARTESIAN_POINT('',(0.0532915241275491,-0.16,0.0275311801726212));
#1786=CARTESIAN_POINT('',(0.0583232964599088,-0.16,0.0360855553877644));
#1787=CARTESIAN_POINT('',(0.0532915241275491,-0.005,0.0275311801726212));
#1788=CARTESIAN_POINT('',(0.0532915241275491,0.,0.0275311801726212));
#1789=CARTESIAN_POINT('',(0.0546861536554374,-0.005,0.0271180418613491));
#1790=CARTESIAN_POINT('',(0.0546861536554374,0.,0.0271180418613491));
#1791=CARTESIAN_POINT('',(0.0563570112051486,-0.005,0.0264349056040007));
#1792=CARTESIAN_POINT('',(0.0563570112051486,0.,0.0264349056040007));
#1793=CARTESIAN_POINT('',(0.0572244723810155,-0.00500000000000001,0.0250545752476026));
#1794=CARTESIAN_POINT('',(0.0572244723810155,-8.67361737988404E-19,0.0250545752476026));
#1795=CARTESIAN_POINT('',(0.0578701174312511,-0.00500000000000001,0.0226602772532899));
#1796=CARTESIAN_POINT('',(0.0578701174312511,-8.67361737988404E-19,0.0226602772532899));
#1797=CARTESIAN_POINT('',(0.0581720211980777,-0.005,0.0203408384744365));
#1798=CARTESIAN_POINT('',(0.0581720211980777,0.,0.0203408384744365));
#1799=CARTESIAN_POINT('',(0.058323296459925,-0.005,0.0189768049574728));
#1800=CARTESIAN_POINT('',(0.058323296459925,0.,0.0189768049574728));
#1801=CARTESIAN_POINT('',(0.058323296459925,-0.16,0.0189768049574674));
#1802=CARTESIAN_POINT('',(0.0633550687923009,-0.00499999999999998,0.0275311801726159));
#1803=CARTESIAN_POINT('',(0.0633550687923009,0.,0.0275311801726159));
#1804=CARTESIAN_POINT('',(0.0619604392644126,-0.00499999999999998,0.0271180418613438));
#1805=CARTESIAN_POINT('',(0.0619604392644126,0.,0.0271180418613438));
#1806=CARTESIAN_POINT('',(0.0602895817147014,-0.00499999999999998,0.0264349056039954));
#1807=CARTESIAN_POINT('',(0.0602895817147014,0.,0.0264349056039954));
#1808=CARTESIAN_POINT('',(0.0594221205388345,-0.00499999999999998,0.0250545752475973));
#1809=CARTESIAN_POINT('',(0.0594221205388345,-2.60208521396521E-18,0.0250545752475973));
#1810=CARTESIAN_POINT('',(0.0587764754885989,-0.00499999999999998,0.0226602772532846));
#1811=CARTESIAN_POINT('',(0.0587764754885989,-8.67361737988404E-19,0.0226602772532846));
#1812=CARTESIAN_POINT('',(0.0584745717217723,-0.00499999999999998,0.0203408384744312));
#1813=CARTESIAN_POINT('',(0.0584745717217723,0.,0.0203408384744312));
#1814=CARTESIAN_POINT('',(0.058323296459925,-0.00499999999999998,0.0189768049574674));
#1815=CARTESIAN_POINT('',(0.058323296459925,0.,0.0189768049574674));
#1816=CARTESIAN_POINT('',(0.0633550687923009,-0.16,0.0275311801726159));
#1817=CARTESIAN_POINT('',(0.0633550687922847,-0.005,0.0275311801726159));
#1818=CARTESIAN_POINT('',(0.0633550687922847,0.,0.0275311801726159));
#1819=CARTESIAN_POINT('',(0.0619604392643963,-0.005,0.027944318483888));
#1820=CARTESIAN_POINT('',(0.0619604392643963,0.,0.027944318483888));
#1821=CARTESIAN_POINT('',(0.0602895817146852,-0.005,0.0286274547412364));
#1822=CARTESIAN_POINT('',(0.0602895817146852,0.,0.0286274547412364));
#1823=CARTESIAN_POINT('',(0.0594221205388183,-0.00500000000000001,0.0300077850976345));
#1824=CARTESIAN_POINT('',(0.0594221205388183,-8.67361737988404E-19,0.0300077850976345));
#1825=CARTESIAN_POINT('',(0.0587764754885828,-0.00500000000000001,0.0324020830919472));
#1826=CARTESIAN_POINT('',(0.0587764754885828,-8.67361737988404E-19,0.0324020830919472));
#1827=CARTESIAN_POINT('',(0.0584745717217561,-0.005,0.0347215218708006));
#1828=CARTESIAN_POINT('',(0.0584745717217561,0.,0.0347215218708006));
#1829=CARTESIAN_POINT('',(0.0583232964599088,-0.005,0.0360855553877644));
#1830=CARTESIAN_POINT('',(0.0583232964599088,0.,0.0360855553877644));
#1831=CARTESIAN_POINT('',(-0.0410317723323759,-0.005,0.159550201155956));
#1832=CARTESIAN_POINT('',(-0.0410317723323759,0.,0.159550201155956));
#1833=CARTESIAN_POINT('',(-0.0396371428044875,-0.005,0.159963339467228));
#1834=CARTESIAN_POINT('',(-0.0396371428044875,0.,0.159963339467228));
#1835=CARTESIAN_POINT('',(-0.0379662852547764,-0.005,0.160646475724576));
#1836=CARTESIAN_POINT('',(-0.0379662852547764,0.,0.160646475724576));
#1837=CARTESIAN_POINT('',(-0.0370988240789095,-0.00500000000000001,0.162026806080974));
#1838=CARTESIAN_POINT('',(-0.0370988240789095,-8.67361737988404E-19,0.162026806080974));
#1839=CARTESIAN_POINT('',(-0.036453179028674,-0.00500000000000001,0.164421104075287));
#1840=CARTESIAN_POINT('',(-0.036453179028674,-8.67361737988404E-19,0.164421104075287));
#1841=CARTESIAN_POINT('',(-0.0361512752618474,-0.005,0.16674054285414));
#1842=CARTESIAN_POINT('',(-0.0361512752618474,0.,0.16674054285414));
#1843=CARTESIAN_POINT('',(-0.036,-0.005,0.168104576371104));
#1844=CARTESIAN_POINT('',(-0.036,0.,0.168104576371104));
#1845=CARTESIAN_POINT('',(-0.0410317723323759,-0.16,0.15955020115596));
#1846=CARTESIAN_POINT('',(-0.0360000000000161,-0.16,0.168104576371104));
#1847=CARTESIAN_POINT('',(-0.0410317723323759,-0.005,0.15955020115596));
#1848=CARTESIAN_POINT('',(-0.0410317723323759,0.,0.15955020115596));
#1849=CARTESIAN_POINT('',(-0.0396371428044875,-0.005,0.159137062844688));
#1850=CARTESIAN_POINT('',(-0.0396371428044875,0.,0.159137062844688));
#1851=CARTESIAN_POINT('',(-0.0379662852547764,-0.005,0.15845392658734));
#1852=CARTESIAN_POINT('',(-0.0379662852547764,0.,0.15845392658734));
#1853=CARTESIAN_POINT('',(-0.0370988240789095,-0.00500000000000001,0.157073596230942));
#1854=CARTESIAN_POINT('',(-0.0370988240789095,-8.67361737988404E-19,0.157073596230942));
#1855=CARTESIAN_POINT('',(-0.036453179028674,-0.00500000000000001,0.154679298236629));
#1856=CARTESIAN_POINT('',(-0.036453179028674,-8.67361737988404E-19,0.154679298236629));
#1857=CARTESIAN_POINT('',(-0.0361512752618473,-0.005,0.152359859457776));
#1858=CARTESIAN_POINT('',(-0.0361512752618473,0.,0.152359859457776));
#1859=CARTESIAN_POINT('',(-0.036,-0.005,0.150995825940812));
#1860=CARTESIAN_POINT('',(-0.036,0.,0.150995825940812));
#1861=CARTESIAN_POINT('',(-0.036,-0.16,0.150995825940807));
#1862=CARTESIAN_POINT('',(-0.0309682276676241,-0.005,0.159550201155956));
#1863=CARTESIAN_POINT('',(-0.0309682276676241,0.,0.159550201155956));
#1864=CARTESIAN_POINT('',(-0.0323628571955125,-0.005,0.159137062844683));
#1865=CARTESIAN_POINT('',(-0.0323628571955125,0.,0.159137062844683));
#1866=CARTESIAN_POINT('',(-0.0340337147452236,-0.005,0.158453926587335));
#1867=CARTESIAN_POINT('',(-0.0340337147452236,0.,0.158453926587335));
#1868=CARTESIAN_POINT('',(-0.0349011759210905,-0.00500000000000001,0.157073596230937));
#1869=CARTESIAN_POINT('',(-0.0349011759210905,-8.67361737988404E-19,0.157073596230937));
#1870=CARTESIAN_POINT('',(-0.035546820971326,-0.00500000000000001,0.154679298236624));
#1871=CARTESIAN_POINT('',(-0.035546820971326,-8.67361737988404E-19,0.154679298236624));
#1872=CARTESIAN_POINT('',(-0.0358487247381526,-0.005,0.152359859457771));
#1873=CARTESIAN_POINT('',(-0.0358487247381526,0.,0.152359859457771));
#1874=CARTESIAN_POINT('',(-0.036,-0.005,0.150995825940807));
#1875=CARTESIAN_POINT('',(-0.036,0.,0.150995825940807));
#1876=CARTESIAN_POINT('',(-0.0309682276676241,-0.16,0.159550201155956));
#1877=CARTESIAN_POINT('',(-0.0309682276676402,-0.005,0.159550201155956));
#1878=CARTESIAN_POINT('',(-0.0309682276676402,0.,0.159550201155956));
#1879=CARTESIAN_POINT('',(-0.0323628571955286,-0.005,0.159963339467228));
#1880=CARTESIAN_POINT('',(-0.0323628571955286,0.,0.159963339467228));
#1881=CARTESIAN_POINT('',(-0.0340337147452398,-0.005,0.160646475724576));
#1882=CARTESIAN_POINT('',(-0.0340337147452398,0.,0.160646475724576));
#1883=CARTESIAN_POINT('',(-0.0349011759211067,-0.00500000000000001,0.162026806080974));
#1884=CARTESIAN_POINT('',(-0.0349011759211067,-8.67361737988404E-19,0.162026806080974));
#1885=CARTESIAN_POINT('',(-0.0355468209713422,-0.00500000000000001,0.164421104075287));
#1886=CARTESIAN_POINT('',(-0.0355468209713422,-8.67361737988404E-19,0.164421104075287));
#1887=CARTESIAN_POINT('',(-0.0358487247381688,-0.005,0.16674054285414));
#1888=CARTESIAN_POINT('',(-0.0358487247381688,0.,0.16674054285414));
#1889=CARTESIAN_POINT('',(-0.0360000000000161,-0.005,0.168104576371104));
#1890=CARTESIAN_POINT('',(-0.0360000000000161,0.,0.168104576371104));
#1891=CARTESIAN_POINT('',(-0.131968496516111,-0.005,0.0566344514019539));
#1892=CARTESIAN_POINT('',(-0.131968496516111,0.,0.0566344514019539));
#1893=CARTESIAN_POINT('',(-0.130573866988223,-0.005,0.0570475897132261));
#1894=CARTESIAN_POINT('',(-0.130573866988223,0.,0.0570475897132261));
#1895=CARTESIAN_POINT('',(-0.128903009438512,-0.005,0.0577307259705744));
#1896=CARTESIAN_POINT('',(-0.128903009438512,0.,0.0577307259705744));
#1897=CARTESIAN_POINT('',(-0.128035548262645,-0.00500000000000001,0.0591110563269725));
#1898=CARTESIAN_POINT('',(-0.128035548262645,-8.67361737988404E-19,0.0591110563269725));
#1899=CARTESIAN_POINT('',(-0.127389903212409,-0.00500000000000001,0.0615053543212852));
#1900=CARTESIAN_POINT('',(-0.127389903212409,-8.67361737988404E-19,0.0615053543212852));
#1901=CARTESIAN_POINT('',(-0.127087999445582,-0.005,0.0638247931001386));
#1902=CARTESIAN_POINT('',(-0.127087999445582,0.,0.0638247931001386));
#1903=CARTESIAN_POINT('',(-0.126936724183735,-0.005,0.0651888266171024));
#1904=CARTESIAN_POINT('',(-0.126936724183735,0.,0.0651888266171024));
#1905=CARTESIAN_POINT('',(-0.131968496516111,-0.16,0.0566344514019592));
#1906=CARTESIAN_POINT('',(-0.126936724183751,-0.16,0.0651888266171024));
#1907=CARTESIAN_POINT('',(-0.131968496516111,-0.00499999999999998,0.0566344514019592));
#1908=CARTESIAN_POINT('',(-0.131968496516111,0.,0.0566344514019592));
#1909=CARTESIAN_POINT('',(-0.130573866988223,-0.00499999999999998,0.0562213130906871));
#1910=CARTESIAN_POINT('',(-0.130573866988223,0.,0.0562213130906871));
#1911=CARTESIAN_POINT('',(-0.128903009438511,-0.00499999999999998,0.0555381768333388));
#1912=CARTESIAN_POINT('',(-0.128903009438511,0.,0.0555381768333388));
#1913=CARTESIAN_POINT('',(-0.128035548262644,-0.00499999999999998,0.0541578464769407));
#1914=CARTESIAN_POINT('',(-0.128035548262644,-2.60208521396521E-18,0.0541578464769407));
#1915=CARTESIAN_POINT('',(-0.127389903212409,-0.00499999999999998,0.0517635484826279));
#1916=CARTESIAN_POINT('',(-0.127389903212409,-8.67361737988404E-19,0.0517635484826279));
#1917=CARTESIAN_POINT('',(-0.127087999445582,-0.00499999999999998,0.0494441097037746));
#1918=CARTESIAN_POINT('',(-0.127087999445582,0.,0.0494441097037746));
#1919=CARTESIAN_POINT('',(-0.126936724183735,-0.00499999999999998,0.0480800761868108));
#1920=CARTESIAN_POINT('',(-0.126936724183735,0.,0.0480800761868108));
#1921=CARTESIAN_POINT('',(-0.126936724183735,-0.16,0.0480800761868055));
#1922=CARTESIAN_POINT('',(-0.121904951851359,-0.005,0.0566344514019539));
#1923=CARTESIAN_POINT('',(-0.121904951851359,0.,0.0566344514019539));
#1924=CARTESIAN_POINT('',(-0.123299581379248,-0.005,0.0562213130906818));
#1925=CARTESIAN_POINT('',(-0.123299581379248,0.,0.0562213130906818));
#1926=CARTESIAN_POINT('',(-0.124970438928959,-0.005,0.0555381768333334));
#1927=CARTESIAN_POINT('',(-0.124970438928959,0.,0.0555381768333334));
#1928=CARTESIAN_POINT('',(-0.125837900104826,-0.00500000000000001,0.0541578464769354));
#1929=CARTESIAN_POINT('',(-0.125837900104826,-8.67361737988404E-19,0.0541578464769354));
#1930=CARTESIAN_POINT('',(-0.126483545155061,-0.00500000000000001,0.0517635484826226));
#1931=CARTESIAN_POINT('',(-0.126483545155061,-8.67361737988404E-19,0.0517635484826226));
#1932=CARTESIAN_POINT('',(-0.126785448921888,-0.005,0.0494441097037693));
#1933=CARTESIAN_POINT('',(-0.126785448921888,0.,0.0494441097037693));
#1934=CARTESIAN_POINT('',(-0.126936724183735,-0.005,0.0480800761868055));
#1935=CARTESIAN_POINT('',(-0.126936724183735,0.,0.0480800761868055));
#1936=CARTESIAN_POINT('',(-0.121904951851359,-0.16,0.0566344514019539));
#1937=CARTESIAN_POINT('',(-0.121904951851375,-0.005,0.0566344514019539));
#1938=CARTESIAN_POINT('',(-0.121904951851375,0.,0.0566344514019539));
#1939=CARTESIAN_POINT('',(-0.123299581379264,-0.005,0.0570475897132261));
#1940=CARTESIAN_POINT('',(-0.123299581379264,0.,0.0570475897132261));
#1941=CARTESIAN_POINT('',(-0.124970438928975,-0.005,0.0577307259705745));
#1942=CARTESIAN_POINT('',(-0.124970438928975,0.,0.0577307259705745));
#1943=CARTESIAN_POINT('',(-0.125837900104842,-0.00500000000000001,0.0591110563269725));
#1944=CARTESIAN_POINT('',(-0.125837900104842,-8.67361737988404E-19,0.0591110563269725));
#1945=CARTESIAN_POINT('',(-0.126483545155077,-0.00500000000000001,0.0615053543212853));
#1946=CARTESIAN_POINT('',(-0.126483545155077,-8.67361737988404E-19,0.0615053543212853));
#1947=CARTESIAN_POINT('',(-0.126785448921904,-0.005,0.0638247931001386));
#1948=CARTESIAN_POINT('',(-0.126785448921904,0.,0.0638247931001386));
#1949=CARTESIAN_POINT('',(-0.126936724183751,-0.005,0.0651888266171024));
#1950=CARTESIAN_POINT('',(-0.126936724183751,0.,0.0651888266171024));
#1951=CARTESIAN_POINT('',(0.134196205267872,0.02,0.147726195483645));
#1952=CARTESIAN_POINT('',(0.139196205267872,0.02,0.147726195483645));
#1953=CARTESIAN_POINT('',(0.129196205267872,0.02,0.147726195483645));
#1954=CARTESIAN_POINT('',(0.129196205267872,0.02,0.117226195483645));
#1955=CARTESIAN_POINT('',(0.129196205267872,0.02,0.0867261954836449));
#1956=CARTESIAN_POINT('',(0.134196205267872,0.02,0.0867261954836449));
#1957=CARTESIAN_POINT('',(0.139196205267872,0.02,0.0867261954836449));
#1958=CARTESIAN_POINT('',(0.139196205267872,0.02,0.117226195483645));
#1959=MECHANICAL_DESIGN_GEOMETRIC_PRESENTATION_REPRESENTATION('',(#884),
#1960);
#1960=(
GEOMETRIC_REPRESENTATION_CONTEXT(3)
GLOBAL_UNCERTAINTY_ASSIGNED_CONTEXT((#1961))
GLOBAL_UNIT_ASSIGNED_CONTEXT((#1964,#1963,#1962))
REPRESENTATION_CONTEXT('Part 1','TOP_LEVEL_ASSEMBLY_PART')
);
#1961=UNCERTAINTY_MEASURE_WITH_UNIT(LENGTH_MEASURE(2.E-5),#1964,
'DISTANCE_ACCURACY_VALUE','Maximum Tolerance applied to model');
#1962=(
NAMED_UNIT(*)
SI_UNIT($,.STERADIAN.)
SOLID_ANGLE_UNIT()
);
#1963=(
NAMED_UNIT(*)
PLANE_ANGLE_UNIT()
SI_UNIT($,.RADIAN.)
);
#1964=(
LENGTH_UNIT()
NAMED_UNIT(*)
SI_UNIT($,.METRE.)
);
#1965=PRODUCT_DEFINITION_SHAPE('','',#1966);
#1966=PRODUCT_DEFINITION('','',#1968,#1967);
#1967=PRODUCT_DEFINITION_CONTEXT('',#1974,'design');
#1968=PRODUCT_DEFINITION_FORMATION_WITH_SPECIFIED_SOURCE('','',#1970,
 .NOT_KNOWN.);
#1969=PRODUCT_RELATED_PRODUCT_CATEGORY('','',(#1970));
#1970=PRODUCT('Part 1','Part 1','Part 1',(#1972));
#1971=PRODUCT_CATEGORY('','');
#1972=PRODUCT_CONTEXT('',#1974,'mechanical');
#1973=APPLICATION_PROTOCOL_DEFINITION('international standard',
'ap242_managed_model_based_3d_engineering',2020,#1974);
#1974=APPLICATION_CONTEXT('managed model based 3d engineering');
ENDSEC;
END-ISO-10303-21;
